Title	Image
Lion Silhouette SVG EPS DXF Vector Graphics	https://drive.google.com/thumbnail?id=1qGlS5wGkSc2pvyC-LdgQO8N0-X1ueLZL&sz=w1000
Lion SVG EPS DXF Silhouette Graphics	https://drive.google.com/thumbnail?id=1SAh-7Y3mQImDEQI7Sef1hsJG93JqUapU&sz=w1000
Lion SVG EPS DXF Silhouette Graphics	https://drive.google.com/thumbnail?id=1HZ3_p8nf_8vqhZyt78ZShJl4ZJxioHQ9&sz=w1000
Lion SVG EPS DXF Silhouette Graphics	https://drive.google.com/thumbnail?id=1IIzVCInIw5WaQZq_GA7AYEcsM6kf3Yop&sz=w1000
Lions Wildlife Stencils SVG Graphics	https://drive.google.com/thumbnail?id=1dP0I1ZtceIWLpzyrecYNucPVDnb-wnqg&sz=w1000
London Tower Bridge SVG PNG JPG Cut File Graphics	https://drive.google.com/thumbnail?id=1DroRGDQoXiMjd4A7du7fUXTelUnWyrey&sz=w1000
Lotus Multilayer Laser Cut Files Graphics	https://drive.google.com/thumbnail?id=15kyk4ig8m94Wa8tTWsmDzGP7tc_hgRnB&sz=w1000
LOTUS Multilayer Laser Cut SVG Files Graphics	https://drive.google.com/thumbnail?id=1KcVpjFl7u0_5Fga25lFF5XbZI_Sb4Bo4&sz=w1000
Mandala Buddha Lotus Yogi Graphics	https://drive.google.com/thumbnail?id=1G6sGxKhtDZEd3zZ6TlOkZ-wgEmShbb3d&sz=w1000
MANDALA BUDDHA Multilayer Wall Art Graphics	https://drive.google.com/thumbnail?id=1ysKyVjxl1TSeb_U-43eo-AOfPLtU5baa&sz=w1000
Mandala DXF for Laser Cut Mandala SVG Graphics	https://drive.google.com/thumbnail?id=1nyqUT-r2DUsIjiVMHOMHfbVoNIzJ080o&sz=w1000
MANDALA FEATHER Laser Cut Decoration Graphics	https://drive.google.com/thumbnail?id=1ZWPLRPV3MV5GoEJRJEEPoodiX55TygwJ&sz=w1000
MOM BABY Laser Cut Files Mothers Day Graphics	https://drive.google.com/thumbnail?id=1-JV5TMKIlDYrfGqfgxmptypfUUqvFLQS&sz=w1000
Mom Mum Dad Mothers Fathers Day SVG Card Graphics	https://drive.google.com/thumbnail?id=1dlTYD_g-qBTaeLlYvy0ZzZ9tZWeX9H40&sz=w1000
Mom Mum Dad SVG Cut Out Card Graphics	https://drive.google.com/thumbnail?id=1vEuRy2wnbda8nAXYmho3jBlupbLsfrxV&sz=w1000
Mother Day Love Laser Cut Design Graphics	https://drive.google.com/thumbnail?id=1bOR-3tQNS-iXxyITo2fMiyCJUBCyg4g9&sz=w1000
Multilayer Cut File Mandala Graphics	https://drive.google.com/thumbnail?id=13mk7CY-H0w6w8D4YFY0Kckx3Jr_Qq2t5&sz=w1000
3D Birthday SVG DXF Cake Topper SVG Graphics	https://drive.google.com/thumbnail?id=134Sj0rUBzSODKOdQ350kprWkzHPdYYvg&sz=w1000
Multilayer Cut File Mothers Day Graphics	https://drive.google.com/thumbnail?id=1RYac3P5XTqjGyAAbepB1fsCu6LI_IwQG&sz=w1000
3D Chess SVG DXF Multilayer File Laser Graphics	https://drive.google.com/thumbnail?id=1djwwAEVbr55vK6QbxStX1mB77GKpiUDB&sz=w1000
3D Christmas SVG DXF 4 Layer Bell SVG Graphics	https://drive.google.com/thumbnail?id=1VE2vKlABN-qU-UXyyPy_-SAJRTZpx57s&sz=w1000
3D Christmas SVG DXF 4 Layer Sleigh SVG Graphics	https://drive.google.com/thumbnail?id=1pJTStmxLeYSE90GG6SxpEf2f-ViF_flD&sz=w1000
Multilayer Laser Cut File Kitty Graphics	https://drive.google.com/thumbnail?id=1KmcB8_kxcLKWcwZsJDBr-6pE9iHOEopS&sz=w1000
3D Easter Egg Holder Laser Cut Bundle Graphics	https://drive.google.com/thumbnail?id=1VHyl6L7dXCVayAzZMWYg3HIbXnV2f0pE&sz=w1000
Multilayer Laser Cut File Women DXF Graphics	https://drive.google.com/thumbnail?id=1fPc0OS6vQnUKZOxby5qDTdfn9Utq2hH5&sz=w1000
3D Easter Layered Decor Laser Cut Graphics	https://drive.google.com/thumbnail?id=1lWj4qIo7I_4axTGb-gkuk5mKHa0Fwcaw&sz=w1000
Multilayer Panel CNC Laser Cutting DXF File Free	https://drive.google.com/thumbnail?id=1lxBrq1I7uyk0P6siWLrfsQAVZEo8IUyp&sz=w1000
3D Floral Wreath SVG DXF 6 Layers SVG Graphics	https://drive.google.com/thumbnail?id=1Uj2D_S2w4xOrClw90l50yFF-aLGEegAU&sz=w1000
Mum Dad Photo Frame Gifts Mothers Day Graphics	https://drive.google.com/thumbnail?id=16mwWbUufGn4XnEc4RY0OxoFPzrcNKt_p&sz=w1000
3D Flower Acrylic Wall Decor Laser Cutting Free	https://drive.google.com/thumbnail?id=19Z1guaiq-agWm9d-zCX753_0vFlRH7bq&sz=w1000
Mystical Decor Laser Cut SVG Mega Bundle Graphics	https://drive.google.com/thumbnail?id=1zP2rBeMKkcu0lCSKYmb7WatNc40CJBMh&sz=w1000
Mystical Moon Laser Cut Wall Decor Graphics	https://drive.google.com/thumbnail?id=1NZMf4P1C1UAinzel9STmM1lmjnDGcf6e&sz=w1000
3D Halloween Bat SVG DXF Bundle Graphics	https://drive.google.com/thumbnail?id=1z0o_Tdmov0EkGiit1H0qpyv2MpKP-yoM&sz=w1000
NEW YORK City Multilayer Laser Cut Files Graphics	https://drive.google.com/thumbnail?id=1b3ZNX-iiVDIFiy5IxKRLbzbSI_gN0BAc&sz=w1000
3D Halloween Cat SVG DXF Graphics	https://drive.google.com/thumbnail?id=1GyBginlUasTaYzVSrKgNMDs02ckylBv_&sz=w1000
Octopus SVG Paper Cut Laser Cutting Graphics	https://drive.google.com/thumbnail?id=1S0aeq5x2iCbqk77fVkgbp_JcgWXgyud-&sz=w1000
3D Halloween Witch SVG DXF 8 Layer Graphics	https://drive.google.com/thumbnail?id=1R4dIJu1BSNIoacTg6hJ_-xEmsQz0ilJQ&sz=w1000
3D Skeleton Halloween Pumpkin SVG DXF Graphics	https://drive.google.com/thumbnail?id=1o0jj3s36gRGxvMzLEh8BwPj_lneeCLL9&sz=w1000
Owl SVG Paper Cut Laser Cutting Graphics	https://drive.google.com/thumbnail?id=14dO85LdS9BmDMBdIbEACbO7UWsfZHDLP&sz=w1000
3D Unicorn Multilayer SVG Laser Cut File Graphics	https://drive.google.com/thumbnail?id=1y8xVzAGfCoMbe288X8cLNRh8NeOBvNyP&sz=w1000
6 Set Bundle Butterfly Flower Wall SVG Graphics	https://drive.google.com/thumbnail?id=15Xqv4kimMWWhBXNWuq9hjt39swTkOF6r&sz=w1000
Animals Bundle Set of 8 Graphics	https://drive.google.com/thumbnail?id=1XF3I7x6YQbmubEx4Lq7E8oOFcft0fIeh&sz=w1000
Baby Laser Cut Template Layered SVG Graphics	https://drive.google.com/thumbnail?id=1H9_l5uxaquBcMLVKMKhyf83YpG3totv9&sz=w1000
Bear Mountain Scene Silhouette SVG DXF Graphics	https://drive.google.com/thumbnail?id=1Pn8pLCaDPxAdTMqtG7OLpcJl7nM1fUGw&sz=w1000
Bear Silhouette SVG EPS DXF Vector Graphics	https://drive.google.com/thumbnail?id=1VUhT522-Nx0yoseeCyTN0El08DVGbcxy&sz=w1000
Bison Buffalo Multilayer Laser Cut File Graphics	https://drive.google.com/thumbnail?id=1dIEs7LRJE0lDatZYXRgE8x-uGms0jrMW&sz=w1000
Bloom Spring Window 3D Paper Cut SVG Graphics	https://drive.google.com/thumbnail?id=107BhxIHAMZ2waM8uKLmfewxKbVmYtOtk&sz=w1000
Romantic Couple Laser Cut Love Sign SVG Graphics	https://drive.google.com/thumbnail?id=11Pn-ZLwC8wWM0bFNz3efZGUnI8wsTjxd&sz=w1000
Butterfly Shadow Box Laser Cut Wall Deco Graphics	https://drive.google.com/thumbnail?id=11M2JKR-cGIhcuJxxzg-Df5SMRNQF9AWq&sz=w1000
Romantic Love Laser Cut Design Graphics	https://drive.google.com/thumbnail?id=1PFo5km_HZeoAJfeIZERVsvLhWctaHILN&sz=w1000
Cat Dog Papercut Christmas Popup Card Graphics	https://drive.google.com/thumbnail?id=1CWktoDtKHx-JlfuP-dkDvWDs9sAqSyOx&sz=w1000
Save Ukraine Bundle of 9 Laser Cut Files Graphics	https://drive.google.com/thumbnail?id=1DAy4F1PWBAcxUtO5ibt5h7PSrBYBk1EC&sz=w1000
Saxophone Multilayer Cut Template Graphics	https://drive.google.com/thumbnail?id=1Op54OaIHkHtcciV57gLMGMG4545J-vo-&sz=w1000
CHINESE DRAGON Multilayer Laser Cut File Graphics	https://drive.google.com/thumbnail?id=1ucEP1UCy1ivw6txwzWK-dUUDE94ousoI&sz=w1000
Christmas Angels Laser Cut SVG Bundle Graphics	https://drive.google.com/thumbnail?id=1WL2q0u80lFetR8Wcw4xvmE-8Tx9HAhGU&sz=w1000
Set Of 4 Plant Laser Cut Bundle Graphics	https://drive.google.com/thumbnail?id=1syEoew357EiSMdwBY9BcNOvvX3ra7c9Z&sz=w1000
Snowglobe Christmas Laser Cut Graphics	https://drive.google.com/thumbnail?id=1L65BFAQEMPkW_a29m1CzxMTgj6awQt0G&sz=w1000
Snowglobe Christmas Ornament Laser Cut Graphics	https://drive.google.com/thumbnail?id=1tnty8vVHNy-I4TL2H-BG8vgn2c5i4_Qr&sz=w1000
Stacking Bible Laser Cut File Big Bundle Graphics	https://drive.google.com/thumbnail?id=1_Z5ubPVitUiY82cwtFAWTS7sVoFv-TWP&sz=w1000
Stained Glass Animals Bundles Of Files Graphics	https://drive.google.com/thumbnail?id=1l3ZVOCrMizP3GRBeyfMfyf_dSZ7-tGOQ&sz=w1000
Surfboard Wooden Wall Art Decoration Graphics	https://drive.google.com/thumbnail?id=1_CHWwbOghDreWFBta1wGjjv-DgwLxXvC&sz=w1000
Thanksgiving Day Multilayer Cut Template Graphics	https://drive.google.com/thumbnail?id=1tyHZjZbzjqbep7JVWX5h2kq8aLN0-a24&sz=w1000
Tower Eiffel Paris 3D Graphics	https://drive.google.com/thumbnail?id=1uyod3VYxB52fHI6p6i-Aw682p90vRZ_s&sz=w1000
Travel Wildlife Stencils SVG Graphics	https://drive.google.com/thumbnail?id=1EOB-97LvdGvKYNIy5M94KjRFhpWvbWlE&sz=w1000
Tree Wall Interior Decor Graphics	https://drive.google.com/thumbnail?id=1dzCCx7jR0nh6YDlqKlbeBKTOPh5ZIk_p&sz=w1000
Turkey Thanksgiving Day Cut Files Graphics	https://drive.google.com/thumbnail?id=1yYRn46bobIEFqn6dLemFLnkA7yYFtZVm&sz=w1000
Undersea Wall Art Panel CNC Cut Files Graphics	https://drive.google.com/thumbnail?id=1pLVQijR6uEdeNyJStEezoSWgufRDehlQ&sz=w1000
Underwater World Wall Panel Laser Cut Graphics	https://drive.google.com/thumbnail?id=1sTe4WxBfmC4fqWn3LE_Axf91Z_cuu_WQ&sz=w1000
Valentine Photo Frame Laser Cut Bundle Graphics	https://drive.google.com/thumbnail?id=1bRxVypdKtrRBb1yVNtMUg1miygBQrRwg&sz=w1000
Wall Art Guitar Layers Graphics	https://drive.google.com/thumbnail?id=1jhsUc2U0SRJGnJKJm5QcJTA1s8C_fIE5&sz=w1000
Wall Panel Laser Cut SVG Bundle Graphics	https://drive.google.com/thumbnail?id=1iALO8KxzglPIKP3FuPFhwKb2S0HP7J-x&sz=w1000
Wall Tree Art Forest SVG Wall Panel Graphics	https://drive.google.com/thumbnail?id=1wAjXyu-ZUA6tvCaSQnU9POaZOBiQI3Lx&sz=w1000
Wooden Mandala Wall Hanging CNC File Free	https://drive.google.com/thumbnail?id=1tCOVh2BQLu0Lk4eheCMwu6YeeIyEB9qG&sz=w1000
Yin Yang Guitar 3D Shadow Box Paper Cut Graphics	https://drive.google.com/thumbnail?id=1s_d35ap7L7s4TgRrxcezWgLrvxpN6I_C&sz=w1000
Yoga Multilayer Cut File Mandala Graphics	https://drive.google.com/thumbnail?id=1sQ99TJO7CK64__ZNMxPHF6CXJ4DN6ETH&sz=w1000
Lion Silhouette SVG EPS DXF Vector Graphics	https://drive.google.com/thumbnail?id=1Oo10Yx1ne4lG9pWm0WnO_5YywCAY3f-c&sz=w1000
Lion SVG EPS DXF PNG JPG Silhouette Graphics	https://drive.google.com/thumbnail?id=1y7PIOilQyh_SoUOuhxy-SiRglAHwbGnN&sz=w1000
Lion Wildlife Stencils SVG Graphics	https://drive.google.com/thumbnail?id=1l6vTJshM434wM33ZupGBtoc1sx6z5Tvr&sz=w1000
London Tower Bridge SVG PNG JPG Cut File Graphics	https://drive.google.com/thumbnail?id=1JQ0WlAw9-TK6EJqfiFb-JR3wz-IVKfjH&sz=w1000
Lotus Multilayer Laser Cut Files Graphics	https://drive.google.com/thumbnail?id=1rvWLXkr1YC7KjXsTkE3cj9UOCLWp-2XS&sz=w1000
Lotus Multilayer Laser Cut SVG Files Graphics	https://drive.google.com/thumbnail?id=1fyU_PyrZdWCikL2nffj4gB5OxBsZtr8s&sz=w1000
Mandala Buddha Lotus Yogi Graphics	https://drive.google.com/thumbnail?id=1g2qnS_CjFvNNBtEr8-2fESrSPgk_0r9W&sz=w1000
Mandala Buddha Multilayer Wall Art Graphics	https://drive.google.com/thumbnail?id=1ZKZT9UQ_pa4vRp_4UjxbfQ-yIpOHHMNb&sz=w1000
Mandala DXF for Laser Cut SVG Graphics	https://drive.google.com/thumbnail?id=1h_vWr-L7IWbW_UdRWbvAlaV1ULpMwRPd&sz=w1000
Mandala Feather Laser Cut Decoration Graphics	https://drive.google.com/thumbnail?id=1nw9NfGo1NOtdYl__gZcvpPl-KltD_xzk&sz=w1000
Mom Baby Laser Cut Files Mothers Day Graphics	https://drive.google.com/thumbnail?id=1h9Qn3XFknF5JC7tx28vQUxKwZ7qy0OMI&sz=w1000
Mom Mum Dad Mothers Fathers Day SVG Card Graphics	https://drive.google.com/thumbnail?id=1blddXUmwf7AfwkRT7LdkrOhbPbNiDygH&sz=w1000
Mother Day Love Laser Cut Design Graphics	https://drive.google.com/thumbnail?id=1w0DnXvM-td3De_cPKQA3z-I5V7FjjlNQ&sz=w1000
3D Birthday SVG DXF Cake Topper SVG Graphics	https://drive.google.com/thumbnail?id=1-h00M3ZTZhSIjK8WAzdvFQPBtJJVKboy&sz=w1000
3D Christmas SVG DXF 4 Layer Graphics	https://drive.google.com/thumbnail?id=1upOEeoz2kEVG4z46igrjCAzfs7ZZESdP&sz=w1000
3D Easter Egg Holder Laser Cut Bundle Graphics	https://drive.google.com/thumbnail?id=1RUmvKreRrcjZpcv5zpQTz4aZORkaGRIx&sz=w1000
Bear Mountain Scene Silhouette SVG DXF Graphics	https://drive.google.com/thumbnail?id=1EyUeS6S1v2ss8AUT5jq3bkY3bbytCsxe&sz=w1000
Bear Silhouette SVG EPS DXF Vector Graphics	https://drive.google.com/thumbnail?id=1L48_PktFq8jpB-5ZKR0D33zTuf6oxo00&sz=w1000
Bison Buffalo Multilayer Laser Cut File Graphics	https://drive.google.com/thumbnail?id=1XAEKerpDMdguclhv_t7GSnYUEtv02c6t&sz=w1000
Romantic Couple Laser Cut Love Sign SVG Graphics	https://drive.google.com/thumbnail?id=1UoYL_he-vdcz9NMzBgK0qdfIkEm5nw2m&sz=w1000
Butterfly Shadow Box Laser Cut Wall Decor Graphics	https://drive.google.com/thumbnail?id=1WTirG4g-FyISJPjAQ5x8-VeCpXoc2tMT&sz=w1000
Chinese Dragon Multilayer Laser Cut File Graphics	https://drive.google.com/thumbnail?id=18abnxu-YmDm_oPwPxWqV92l11eJLvEQc&sz=w1000
Tower Eiffel Paris 3D Graphics	https://drive.google.com/thumbnail?id=1DF10nMF7yrQ7PzuY7UrUUKcLmf6yjQMq&sz=w1000
Underwater World Wall Panel Laser Cut Graphics	https://drive.google.com/thumbnail?id=1TYZhHQRQ5NpPQE7FnwiOMUm_s_aU4-MR&sz=w1000
Wall Tree Art Forest SVG Wall Panel Graphics	https://drive.google.com/thumbnail?id=1kyCj-gEbtnnBw6HkegcilUWJylBtzvWM&sz=w1000
Lion Silhouette SVG EPS DXF Vector Graphics	https://drive.google.com/thumbnail?id=1RDTzHNBzdqbMxHRuadDJv3QbMjmvPdGy&sz=w1000
Lion SVG EPS DXF Silhouette Graphics	https://drive.google.com/thumbnail?id=1L8sSP_OSbTYaGDBjCDONUGDOvDZVDJSB&sz=w1000
Lion SVG EPS DXF Silhouette Graphics	https://drive.google.com/thumbnail?id=10_T5Rad3vMoG2vlEq7lJQ-4TTYUfuE7O&sz=w1000
Lion SVG EPS DXF Silhouette Graphics	https://drive.google.com/thumbnail?id=1QKU6nRjL8adWPVgHt0uNdXcme3w-HfXG&sz=w1000
Lions Wildlife Stencils SVG Graphics	https://drive.google.com/thumbnail?id=1ZhJ_rpgjrVz3ANNG2FNXmLx7UCjiqebn&sz=w1000
London Tower Bridge SVG PNG JPG Cut File Graphics	https://drive.google.com/thumbnail?id=1zbbd_GCKWr0KKPZFyNq5g1opVRyeBe0q&sz=w1000
Lotus Multilayer Laser Cut Files Graphics	https://drive.google.com/thumbnail?id=19ar2bd3k_l-a7fgrNALejVkI5lgIHHT9&sz=w1000
LOTUS Multilayer Laser Cut SVG Files Graphics	https://drive.google.com/thumbnail?id=1sct6TthxXGhPkMscUddju9YtTVSFEOzH&sz=w1000
Mandala Buddha Lotus Yogi Graphics	https://drive.google.com/thumbnail?id=1JBjTE3J83sA9_hpEhe0C5AaMH3LB4sBU&sz=w1000
MANDALA BUDDHA Multilayer Wall Art Graphics	https://drive.google.com/thumbnail?id=1ADg-tSokdon4e1z5QkVJYpqIEafJ7dy7&sz=w1000
Mandala DXF for Laser Cut Mandala SVG Graphics	https://drive.google.com/thumbnail?id=1LvgYfnrdFqhrC1qYLJN--4YBiUGNv_RI&sz=w1000
MANDALA FEATHER Laser Cut Decoration Graphics	https://drive.google.com/thumbnail?id=1Xmm4BC5-iyh1jHAfjtm03RRXQEePqJz-&sz=w1000
MOM BABY Laser Cut Files Mothers Day Graphics	https://drive.google.com/thumbnail?id=1gV27Tqozpn_px9cITrI2FyYh1AGJFq-T&sz=w1000
Mom Mum Dad Mothers Fathers Day SVG Card Graphics	https://drive.google.com/thumbnail?id=1mofcVj4oXdOAXGRTPXMaNOl-WdL1oczx&sz=w1000
Mom Mum Dad SVG Cut Out Card Graphics	https://drive.google.com/thumbnail?id=1a_62BfxbRqwT_6OwsLp41BCT_udH7vAP&sz=w1000
Mother Day Love Laser Cut Design Graphics	https://drive.google.com/thumbnail?id=1ttMKfLa-eSI0MFvoYjmefhzWAB1v5Ody&sz=w1000
Multilayer Cut File Mandala Graphics	https://drive.google.com/thumbnail?id=1bNcQhn0-UlVwwngnDNFOjhxq6NOrkrXz&sz=w1000
3D Birthday SVG DXF Cake Topper SVG Graphics	https://drive.google.com/thumbnail?id=1cl_sSP6NWuY4Z35rtD-sWX7jx0D1Dye3&sz=w1000
Multilayer Cut File Mothers Day Graphics	https://drive.google.com/thumbnail?id=1_U5wCN-6kHWFyVI96yfZK09kWcbTXrhh&sz=w1000
3D Chess SVG DXF Multilayer File Laser Graphics	https://drive.google.com/thumbnail?id=1g6wiKgrCbdeyUtKzHtvNpERXpHuSFboh&sz=w1000
3D Christmas SVG DXF 4 Layer Bell SVG Graphics	https://drive.google.com/thumbnail?id=1H4HQRAgFcizu4LKKXwqsszuJ0vCOiIMk&sz=w1000
3D Christmas SVG DXF 4 Layer Sleigh SVG Graphics	https://drive.google.com/thumbnail?id=1rWXMf74QBsjoNrBIZH8Wt7-vnr1VRimr&sz=w1000
Multilayer Laser Cut File Kitty Graphics	https://drive.google.com/thumbnail?id=1yGYW1fkZbFt2AVg1SyIGRBnXlgCQsJUP&sz=w1000
3D Easter Egg Holder Laser Cut Bundle Graphics	https://drive.google.com/thumbnail?id=11N0GAVeFjT7mmGh_UaOD5HlXkKB0PlLS&sz=w1000
Multilayer Laser Cut File Women DXF Graphics	https://drive.google.com/thumbnail?id=1D2rk0pxckeF1rzZRzI422cjNzr-UmXgf&sz=w1000
3D Easter Layered Decor Laser Cut Graphics	https://drive.google.com/thumbnail?id=13nXEfge_RdO-UCAd5GCmbXU7K79W9krA&sz=w1000
Multilayer Panel CNC Laser Cutting DXF File Free	https://drive.google.com/thumbnail?id=10Ak5pvszICDPxTrAvozCvQhLdPvgqNWR&sz=w1000
3D Floral Wreath SVG DXF 6 Layers SVG Graphics	https://drive.google.com/thumbnail?id=1Khm5tg6B-6YeN-enAYsVAcRc5bGqmwfS&sz=w1000
Mum Dad Photo Frame Gifts Mothers Day Graphics	https://drive.google.com/thumbnail?id=1AtK1PAzJx6ZcitSeOzrV0konwln4xaq3&sz=w1000
3D Flower Acrylic Wall Decor Laser Cutting Free	https://drive.google.com/thumbnail?id=1BYj4AOl2GHmKeLRKJn2EykZ4rmyJOz-o&sz=w1000
Mystical Decor Laser Cut SVG Mega Bundle Graphics	https://drive.google.com/thumbnail?id=1sR1yijA6OInFM7Rn8CtH20zN6Zzyqqbj&sz=w1000
Mystical Moon Laser Cut Wall Decor Graphics	https://drive.google.com/thumbnail?id=15BjnA8ldRirqZEyBQBQwgNFya-b5IUMX&sz=w1000
3D Halloween Bat SVG DXF Bundle Graphics	https://drive.google.com/thumbnail?id=1fMKBrdsP_AYvFOdM5BUw28AvYya5Ifk8&sz=w1000
NEW YORK City Multilayer Laser Cut Files Graphics	https://drive.google.com/thumbnail?id=14H3rzpYuMHoE0xTs7cwUTB6Sbg9wcWOB&sz=w1000
3D Halloween Cat SVG DXF Graphics	https://drive.google.com/thumbnail?id=1JisXCA5deMEvROuteCbBDqqindhxqQ6C&sz=w1000
Octopus SVG Paper Cut Laser Cutting Graphics	https://drive.google.com/thumbnail?id=1zfefjCfyNVSengkYbMN-12sXu5mljFiP&sz=w1000
3D Halloween Witch SVG DXF 8 Layer Graphics	https://drive.google.com/thumbnail?id=1bdz-8GkFWKUTjX4TniZd6nO7_W7__nP7&sz=w1000
3D Skeleton Halloween Pumpkin SVG DXF Graphics	https://drive.google.com/thumbnail?id=1z8qcWNaTU52J7fCr6aQ71IOgts8s8X5P&sz=w1000
Owl SVG Paper Cut Laser Cutting Graphics	https://drive.google.com/thumbnail?id=1YTciswTkmUzk48fnhKIhXAmoWXHSBPqU&sz=w1000
3D Unicorn Multilayer SVG Laser Cut File Graphics	https://drive.google.com/thumbnail?id=1vOORyRBKToiT886GyGMyCsD_alQ2W4KZ&sz=w1000
6 Set Bundle Butterfly Flower Wall SVG Graphics	https://drive.google.com/thumbnail?id=1XeT4eF_QZeBycI0IlNN1KDKg3GEUwz2e&sz=w1000
Animals Bundle Set of 8 Graphics	https://drive.google.com/thumbnail?id=1XQml8ATwdQjvspdvlBeqJEm3JULkZt2v&sz=w1000
Baby Laser Cut Template Layered SVG Graphics	https://drive.google.com/thumbnail?id=1b2VwqxRUgkXZ7A-AE1CaYmYNvnOjUuUb&sz=w1000
Bear Mountain Scene Silhouette SVG DXF Graphics	https://drive.google.com/thumbnail?id=1_9pNGg_tM-k_TtKgSIbuHU_92ZdF3AXi&sz=w1000
Bear Silhouette SVG EPS DXF Vector Graphics	https://drive.google.com/thumbnail?id=1HnYlc2k1tyhfyzSD7WPDC-LTS6meAyU-&sz=w1000
Bison Buffalo Multilayer Laser Cut File Graphics	https://drive.google.com/thumbnail?id=1cMJP1dq39g1zPi0o5K_6zz9U94zJP60F&sz=w1000
Bloom Spring Window 3D Paper Cut SVG Graphics	https://drive.google.com/thumbnail?id=1XUsYY7WE9yIIEJphweA6TPO-SbXglIlB&sz=w1000
Romantic Couple Laser Cut Love Sign SVG Graphics	https://drive.google.com/thumbnail?id=1GLS4tZe4t45XpMUhHxtVmbmLKVm4vaw3&sz=w1000
Butterfly Shadow Box Laser Cut Wall Deco Graphics	https://drive.google.com/thumbnail?id=1J49AGqfDREgi9vdI7vaGc24cGO9w52OX&sz=w1000
Romantic Love Laser Cut Design Graphics	https://drive.google.com/thumbnail?id=1pzVEkPQY6sxO2IXvOqs6Tj_42p_yVJtV&sz=w1000
Cat Dog Papercut Christmas Popup Card Graphics	https://drive.google.com/thumbnail?id=15rEErs8ZB9hz493u5ICNd3NBCyVer5g9&sz=w1000
Save Ukraine Bundle of 9 Laser Cut Files Graphics	https://drive.google.com/thumbnail?id=1_aotVlyGWOVYCe6Pq3MRvn_3r5vobnYN&sz=w1000
Saxophone Multilayer Cut Template Graphics	https://drive.google.com/thumbnail?id=1mislEjJqLLoK46YM7cthh26MJZWcX4WC&sz=w1000
CHINESE DRAGON Multilayer Laser Cut File Graphics	https://drive.google.com/thumbnail?id=1KnZk2uCSbvSLSSZDJGMotEqv6C1b93Hy&sz=w1000
Christmas Angels Laser Cut SVG Bundle Graphics	https://drive.google.com/thumbnail?id=1oNtJx3G3sfoFdfQngXWqA5HLr3xS9hWn&sz=w1000
Set Of 4 Plant Laser Cut Bundle Graphics	https://drive.google.com/thumbnail?id=1KnvDEpf70pmK4ensE_3xOoeryhiAOg7q&sz=w1000
Snowglobe Christmas Laser Cut Graphics	https://drive.google.com/thumbnail?id=1ODaNPZYZz2GdzH-ckvfZ_FsQXLDKul8r&sz=w1000
Snowglobe Christmas Ornament Laser Cut Graphics	https://drive.google.com/thumbnail?id=1c941lgogh08xbCzoLQ-9FrXcEnQEolfY&sz=w1000
Stacking Bible Laser Cut File Big Bundle Graphics	https://drive.google.com/thumbnail?id=1mqtqnIBGUrBiwgyXlz27jRwS1wdO5e6s&sz=w1000
Stained Glass Animals Bundles Of Files Graphics	https://drive.google.com/thumbnail?id=1lW1TxPiMhLQ_tQba9yI50GubaQkgjtvt&sz=w1000
Surfboard Wooden Wall Art Decoration Graphics	https://drive.google.com/thumbnail?id=168Ws-4sxm094rLQ6f1XWMq-PsqwDl_I6&sz=w1000
Thanksgiving Day Multilayer Cut Template Graphics	https://drive.google.com/thumbnail?id=1xYg0pdKdZxIg9Ehr96Gkv639TT8m7n-B&sz=w1000
Tower Eiffel Paris 3D Graphics	https://drive.google.com/thumbnail?id=1DzWptclK2rBERMdm4DGwfoD-WT3m2COd&sz=w1000
Travel Wildlife Stencils SVG Graphics	https://drive.google.com/thumbnail?id=1UPQd1W7vEynPRrxBtCEjkETxo8JvxAKT&sz=w1000
Tree Wall Interior Decor Graphics	https://drive.google.com/thumbnail?id=1z0mfAx_PYud8ww_-OAoCYIaDsrjv60YL&sz=w1000
Turkey Thanksgiving Day Cut Files Graphics	https://drive.google.com/thumbnail?id=18E5OFFgPN2IjcoVvXcbVhDS7pcj-eblt&sz=w1000
Undersea Wall Art Panel CNC Cut Files Graphics	https://drive.google.com/thumbnail?id=1B2w8axi6FyUE7A-kgJyjiAbav1uw6Fdz&sz=w1000
Underwater World Wall Panel Laser Cut Graphics	https://drive.google.com/thumbnail?id=1ypKmA_RbDoOvGamPQOGdtiYFWgOOPs8N&sz=w1000
Valentine Photo Frame Laser Cut Bundle Graphics	https://drive.google.com/thumbnail?id=1sfDq4B0PXlcs6tWngJjz99SUBUv6fx7i&sz=w1000
Wall Art Guitar Layers Graphics	https://drive.google.com/thumbnail?id=1blXqEXsqQrW7uPR8Oxwz2bzVU0tIbL2r&sz=w1000
Wall Panel Laser Cut SVG Bundle Graphics	https://drive.google.com/thumbnail?id=1tXZZWycson4x4ogpfvTb6nZtTgILpHWh&sz=w1000
Wall Tree Art Forest SVG Wall Panel Graphics	https://drive.google.com/thumbnail?id=1TDFNTWYmF6iltMM1_zyi1RXxmJkx6QTQ&sz=w1000
Wooden Mandala Wall Hanging CNC File Free	https://drive.google.com/thumbnail?id=1eSNsUZEQsK6uotsGYeVd1C1X6rep5R6b&sz=w1000
Yin Yang Guitar 3D Shadow Box Paper Cut Graphics	https://drive.google.com/thumbnail?id=10WcDq7eBFPpxtFYGUm7wPUQFj1C3vdsD&sz=w1000
Yoga Multilayer Cut File Mandala Graphics	https://drive.google.com/thumbnail?id=1FTemz9ewiZB-82GZ6R2SGwfE7Hj858_W&sz=w1000
Lion Silhouette SVG EPS DXF Vector Graphics	https://drive.google.com/thumbnail?id=1bNzPAQPPfdzPY88kAb3u3LgLsNw2HsoM&sz=w1000
Lion SVG EPS DXF PNG JPG Silhouette Graphics	https://drive.google.com/thumbnail?id=16NMDdJ7duu5T-J26smBnAhKwfODRaDxS&sz=w1000
Lion Wildlife Stencils SVG Graphics	https://drive.google.com/thumbnail?id=1lhT-1yh6ROV-2uLxs0duag81dqKEzns7&sz=w1000
London Tower Bridge SVG PNG JPG Cut File Graphics	https://drive.google.com/thumbnail?id=1H5-T6Ug8Y8fNM0WPiYZ0-hb2bFaURSxT&sz=w1000
Lotus Multilayer Laser Cut Files Graphics	https://drive.google.com/thumbnail?id=1Ca42w-4wrwmeH2UktHW4vt_79mYDq4s0&sz=w1000
Lotus Multilayer Laser Cut SVG Files Graphics	https://drive.google.com/thumbnail?id=1K_p93EJwHsCa9c0CFwrAc7ibdS9329Bx&sz=w1000
Mandala Buddha Lotus Yogi Graphics	https://drive.google.com/thumbnail?id=1exrRNFgkuwhDLDsXg_qrb_NVRi3BPwmR&sz=w1000
Mandala Buddha Multilayer Wall Art Graphics	https://drive.google.com/thumbnail?id=1Js5wny2yr-k8KLb6xMPHOgiA2N5g_Yml&sz=w1000
Mandala DXF for Laser Cut SVG Graphics	https://drive.google.com/thumbnail?id=1UhIX_op5HhFop7R4UHAWMfKZof2vZV_R&sz=w1000
Mandala Feather Laser Cut Decoration Graphics	https://drive.google.com/thumbnail?id=1xuGiJ8C2NCpfHPHimOjKlKl_IZj7RpmZ&sz=w1000
Mom Baby Laser Cut Files Mothers Day Graphics	https://drive.google.com/thumbnail?id=19xWECSm65MBVQl9mWbe9m_pbQu-zQn9t&sz=w1000
Mom Mum Dad Mothers Fathers Day SVG Card Graphics	https://drive.google.com/thumbnail?id=14WIfTjIXuKiFTUYAPk1JYpxJ3Sx7myrC&sz=w1000
Mother Day Love Laser Cut Design Graphics	https://drive.google.com/thumbnail?id=1L0S-aX3iaVTJEdzus4RwcqwRzVq9ISpD&sz=w1000
3D Birthday SVG DXF Cake Topper SVG Graphics	https://drive.google.com/thumbnail?id=1NIXxhNdP-Sop52nuyrediZKIiHlebR1T&sz=w1000
3D Christmas SVG DXF 4 Layer Graphics	https://drive.google.com/thumbnail?id=1MhEj5aFJ4EFD_48MIqxGrxuEtPtFlFkc&sz=w1000
3D Easter Egg Holder Laser Cut Bundle Graphics	https://drive.google.com/thumbnail?id=1iRGtJXsnuAYPK-bMgo1ndOxAItPFd_kG&sz=w1000
Bear Mountain Scene Silhouette SVG DXF Graphics	https://drive.google.com/thumbnail?id=1G1DUPmxKHlMY6zgUJZ5OV4YsBs8UrQbb&sz=w1000
Bear Silhouette SVG EPS DXF Vector Graphics	https://drive.google.com/thumbnail?id=17uraCAto1AdcfLDJMuZNmrZHfvV4JZIy&sz=w1000
Bison Buffalo Multilayer Laser Cut File Graphics	https://drive.google.com/thumbnail?id=1hMZnhdslTC6ka_H-aiX49JbZWxe1gXk-&sz=w1000
Romantic Couple Laser Cut Love Sign SVG Graphics	https://drive.google.com/thumbnail?id=1zeL_CRMiw5-Z5hKeo2nLEPEwe-sX8iBb&sz=w1000
Butterfly Shadow Box Laser Cut Wall Decor Graphics	https://drive.google.com/thumbnail?id=1biE1rUiCvx5bm88tzmyEiF-S-73PljDm&sz=w1000
Chinese Dragon Multilayer Laser Cut File Graphics	https://drive.google.com/thumbnail?id=15QEtlIWyFjLfPWOoSQb8Mn7ahMFW0Jhd&sz=w1000
Tower Eiffel Paris 3D Graphics	https://drive.google.com/thumbnail?id=17iLu-xvK400tuhmB7Uj4wVyXn39IOf_4&sz=w1000
Underwater World Wall Panel Laser Cut Graphics	https://drive.google.com/thumbnail?id=1V2cH137OYq5fc16Mb98c-nF6czZw_8ip&sz=w1000
Wall Tree Art Forest SVG Wall Panel Graphics	https://drive.google.com/thumbnail?id=1DauhH2r0L0sqHYSEYBIX0a0vinHJYn6w&sz=w1000
Lion Silhouette SVG EPS DXF Vector Graphics	https://drive.google.com/thumbnail?id=1rFhge3-CTxA2u3e13hHmD9szurRzQEBA&sz=w1000
Lion SVG EPS DXF Silhouette Graphics	https://drive.google.com/thumbnail?id=1Ago6ThkTx-9FH7tf91ldJsLW6tZ2Y496&sz=w1000
Lion SVG EPS DXF Silhouette Graphics	https://drive.google.com/thumbnail?id=1LB6OGzuuFQ0QTSzd3zYUMxBRexinMEtu&sz=w1000
Lion SVG EPS DXF Silhouette Graphics	https://drive.google.com/thumbnail?id=1rVUmq-RPfl5naRm94Ggm-330HX5wuUHA&sz=w1000
Lions Wildlife Stencils SVG Graphics	https://drive.google.com/thumbnail?id=1OfQHpB-9RDfSP43W3CjU8wZWhgxuxzdC&sz=w1000
London Tower Bridge SVG PNG JPG Cut File Graphics	https://drive.google.com/thumbnail?id=1gl7fcdCrdYv_A8tPlgkZhtI8-uXT4eo3&sz=w1000
Lotus Multilayer Laser Cut Files Graphics	https://drive.google.com/thumbnail?id=1RbMp7waRE5WnhKbhPTfZLsKwKNSvQCp-&sz=w1000
LOTUS Multilayer Laser Cut SVG Files Graphics	https://drive.google.com/thumbnail?id=1GonAmNMmJpBViY_B2wezqyRUDkylTx8r&sz=w1000
Mandala Buddha Lotus Yogi Graphics	https://drive.google.com/thumbnail?id=14RS_UDaRULAdZejPWUXAxuE0uyqsox-q&sz=w1000
MANDALA BUDDHA Multilayer Wall Art Graphics	https://drive.google.com/thumbnail?id=1R75H6OlvUFfh-PToaRLkARr2-uMK_sC6&sz=w1000
Mandala DXF for Laser Cut Mandala SVG Graphics	https://drive.google.com/thumbnail?id=1Ns86qwYfkD9uvGBy8nsUbqxw9XYpQv9r&sz=w1000
MANDALA FEATHER Laser Cut Decoration Graphics	https://drive.google.com/thumbnail?id=10GomqR2bUdlXC6Ro72ZLUTtHYvxJJg7a&sz=w1000
MOM BABY Laser Cut Files Mothers Day Graphics	https://drive.google.com/thumbnail?id=1mzx8iANqpsYTp79WoVG8HqymrhmrAvJi&sz=w1000
Mom Mum Dad Mothers Fathers Day SVG Card Graphics	https://drive.google.com/thumbnail?id=1X7BXpZ-n8q1pYwlpMxkgGH2Wpb9w7FK_&sz=w1000
Mom Mum Dad SVG Cut Out Card Graphics	https://drive.google.com/thumbnail?id=1aq4S-GVLoyjm0jDX4cY2KTgfMt9P317U&sz=w1000
Mother Day Love Laser Cut Design Graphics	https://drive.google.com/thumbnail?id=1huircveMVMHbojYbA8BbiQD3yfISGzmK&sz=w1000
Multilayer Cut File Mandala Graphics	https://drive.google.com/thumbnail?id=19yeO1iNQ36IKyC4_yXKknka65A-CgGhP&sz=w1000
3D Birthday SVG DXF Cake Topper SVG Graphics	https://drive.google.com/thumbnail?id=1-WC_qXDlv29fTxLFxs0UFIS1reEt-V9u&sz=w1000
Multilayer Cut File Mothers Day Graphics	https://drive.google.com/thumbnail?id=1wFIe4j54fokzoz8Kc19VBZ4-abzvy24I&sz=w1000
3D Chess SVG DXF Multilayer File Laser Graphics	https://drive.google.com/thumbnail?id=1O-j-2Zd9j1B4xKGoJurJKcbXBqyJI-i0&sz=w1000
3D Christmas SVG DXF 4 Layer Bell SVG Graphics	https://drive.google.com/thumbnail?id=1Aj3m_fPTfUxqiCnKPAeuFZsfCK1zplsO&sz=w1000
3D Christmas SVG DXF 4 Layer Sleigh SVG Graphics	https://drive.google.com/thumbnail?id=1bV1BI32ggWiLOTryM3tTCDWAa4Lh-swp&sz=w1000
Multilayer Laser Cut File Kitty Graphics	https://drive.google.com/thumbnail?id=1aSFDVJ29JlTHeXsDrwUIZ2mInsbBLmYh&sz=w1000
3D Easter Egg Holder Laser Cut Bundle Graphics	https://drive.google.com/thumbnail?id=1P9bQ2a0qtLYsWOpaqT0MYWwvrPj00ZVX&sz=w1000
Multilayer Laser Cut File Women DXF Graphics	https://drive.google.com/thumbnail?id=13QcYfeYYpFMOMDRC3fzukN7VwKVBptHu&sz=w1000
3D Easter Layered Decor Laser Cut Graphics	https://drive.google.com/thumbnail?id=1DHehhzZWKDvCNF3AzQbBDruIYc2f3I61&sz=w1000
Multilayer Panel CNC Laser Cutting DXF File Free	https://drive.google.com/thumbnail?id=1hX2JOE9EmDrvsu-kaf3d5gPdFOqyfxsx&sz=w1000
3D Floral Wreath SVG DXF 6 Layers SVG Graphics	https://drive.google.com/thumbnail?id=1rvqC76GnaT79YBKU2jzWZ9BlPz1eWCeA&sz=w1000
Mum Dad Photo Frame Gifts Mothers Day Graphics	https://drive.google.com/thumbnail?id=1KZazALjwWtfN-uq7C6vkM5-nExGPDdjO&sz=w1000
3D Flower Acrylic Wall Decor Laser Cutting Free	https://drive.google.com/thumbnail?id=1Ut281Is5Uv5_UoR0RGMSGcLHat0rQCyd&sz=w1000
Mystical Decor Laser Cut SVG Mega Bundle Graphics	https://drive.google.com/thumbnail?id=1cUIS2oRTVYdSpOzMxGd4MxlIQEdA1JYA&sz=w1000
Mystical Moon Laser Cut Wall Decor Graphics	https://drive.google.com/thumbnail?id=1O3kgu0e6nZzxuUi6mmPLGPnm8RIvuqcN&sz=w1000
3D Halloween Bat SVG DXF Bundle Graphics	https://drive.google.com/thumbnail?id=1bg8eJMsHLLdOXoNRLmieAauNzn2PP4NI&sz=w1000
NEW YORK City Multilayer Laser Cut Files Graphics	https://drive.google.com/thumbnail?id=1zoCh9kVg00iqZstekukgTyIemc3NkqKU&sz=w1000
3D Halloween Cat SVG DXF Graphics	https://drive.google.com/thumbnail?id=1L6jvYyy2S5a11MCn5sQgg-8FSJErTAbM&sz=w1000
Octopus SVG Paper Cut Laser Cutting Graphics	https://drive.google.com/thumbnail?id=1Uq_A7s5q9EE0Ca_1xjVrO_Eqfj_BQvGk&sz=w1000
3D Halloween Witch SVG DXF 8 Layer Graphics	https://drive.google.com/thumbnail?id=1qOdG3bf6HwaEs8qo6_GWdu5Ax1JfHRIv&sz=w1000
3D Skeleton Halloween Pumpkin SVG DXF Graphics	https://drive.google.com/thumbnail?id=1sBSTGI7ZJf0DXGcGMpgEABJIHXPfepAr&sz=w1000
Owl SVG Paper Cut Laser Cutting Graphics	https://drive.google.com/thumbnail?id=1SstNTwOshlBerPLq659Gv9Fgd4g_itvd&sz=w1000
3D Unicorn Multilayer SVG Laser Cut File Graphics	https://drive.google.com/thumbnail?id=1b1AZtYtll7y2HpguHbNhmLdKvBtVPhYp&sz=w1000
6 Set Bundle Butterfly Flower Wall SVG Graphics	https://drive.google.com/thumbnail?id=16xghkZf4rVwaBV9nOCIO2BLwq9UBdpO_&sz=w1000
Animals Bundle Set of 8 Graphics	https://drive.google.com/thumbnail?id=1wdYyQX5lKov5BrWSx2U36yFCqI1HbCNB&sz=w1000
Baby Laser Cut Template Layered SVG Graphics	https://drive.google.com/thumbnail?id=1QB1xjtenfHmUt-6_njdCEzjJA-HNnZx0&sz=w1000
Bear Mountain Scene Silhouette SVG DXF Graphics	https://drive.google.com/thumbnail?id=1v2BHmQUYG84FKc8HkglZE5oALdk86Zip&sz=w1000
Bear Silhouette SVG EPS DXF Vector Graphics	https://drive.google.com/thumbnail?id=1WraAWEYrVlUdyK7x5oKggaoVySxVm_kr&sz=w1000
Bison Buffalo Multilayer Laser Cut File Graphics	https://drive.google.com/thumbnail?id=1GbLMFTe4MX-xfkEXnaL7npSwdMG4i1lh&sz=w1000
Bloom Spring Window 3D Paper Cut SVG Graphics	https://drive.google.com/thumbnail?id=1e6D4oo3Zqk59h6bZY09xbjQZdxV-vcM_&sz=w1000
Romantic Couple Laser Cut Love Sign SVG Graphics	https://drive.google.com/thumbnail?id=1VIv-z5bXPyX8LyMHHiVqbZZKu6qQxbnz&sz=w1000
Butterfly Shadow Box Laser Cut Wall Deco Graphics	https://drive.google.com/thumbnail?id=1Tks9tU2m9Nn-oPeJWRHvl5X-yo5esrpU&sz=w1000
Romantic Love Laser Cut Design Graphics	https://drive.google.com/thumbnail?id=1k0uS3DcB3oM_KG_kUeYvx2L6cNogyqib&sz=w1000
Cat Dog Papercut Christmas Popup Card Graphics	https://drive.google.com/thumbnail?id=16PYzWUCItY-wqJSzTV-JgppBI8-nMZnN&sz=w1000
Save Ukraine Bundle of 9 Laser Cut Files Graphics	https://drive.google.com/thumbnail?id=1rtnMm8wNAWxYLEeMBHHwuO-obO9rmpC-&sz=w1000
Saxophone Multilayer Cut Template Graphics	https://drive.google.com/thumbnail?id=1s2ucMnlIYyb5r4-oL-0_55pULgpcqB_H&sz=w1000
CHINESE DRAGON Multilayer Laser Cut File Graphics	https://drive.google.com/thumbnail?id=1N-OOhqVxYV6L8aNCllWYBpYRpfb_jcQ0&sz=w1000
Christmas Angels Laser Cut SVG Bundle Graphics	https://drive.google.com/thumbnail?id=12dWQT5PgQnDiZnRg841sZczkuE6Bgn4E&sz=w1000
Set Of 4 Plant Laser Cut Bundle Graphics	https://drive.google.com/thumbnail?id=1mtPNFQFElzT8ZwnAa0hjR3kvTfPasMin&sz=w1000
Snowglobe Christmas Laser Cut Graphics	https://drive.google.com/thumbnail?id=1Tm2rif5SQh4QOe_ln_qZmJWk6EfGOOBy&sz=w1000
Snowglobe Christmas Ornament Laser Cut Graphics	https://drive.google.com/thumbnail?id=1ZdvyPWNqsZKUkX1CRGLBRhgXSWi4a-jN&sz=w1000
Stacking Bible Laser Cut File Big Bundle Graphics	https://drive.google.com/thumbnail?id=1t3MXnVdh4IuR-RJZdbSvCsDC_x7iLJ4C&sz=w1000
Stained Glass Animals Bundles Of Files Graphics	https://drive.google.com/thumbnail?id=1rOdHYkyhK21HL6jDBfDulmXXjJmNZ9Ej&sz=w1000
Surfboard Wooden Wall Art Decoration Graphics	https://drive.google.com/thumbnail?id=1T8KVta25Tf8G7V7Bq1xQUEU_ux9Nzhf1&sz=w1000
Thanksgiving Day Multilayer Cut Template Graphics	https://drive.google.com/thumbnail?id=1vTs4blD0pXgKU4hQdWEk7vyFRS_nKush&sz=w1000
Tower Eiffel Paris 3D Graphics	https://drive.google.com/thumbnail?id=1Wh_uT77Btg1RAnTWesUc9HMFgyeZipOG&sz=w1000
Travel Wildlife Stencils SVG Graphics	https://drive.google.com/thumbnail?id=1i-RrmOAGmGdmQecaBY8DvqFnw5zJeRO5&sz=w1000
Tree Wall Interior Decor Graphics	https://drive.google.com/thumbnail?id=1oeuFtRMI9DjbegS-w-L56XV32Q6WCVCa&sz=w1000
Turkey Thanksgiving Day Cut Files Graphics	https://drive.google.com/thumbnail?id=1BGUAq1uw7eabSrc8RTLXWkJ5yrobnov9&sz=w1000
Undersea Wall Art Panel CNC Cut Files Graphics	https://drive.google.com/thumbnail?id=1mTiYQBaSB13saKZpgoL5kz1EPyLtLrol&sz=w1000
Underwater World Wall Panel Laser Cut Graphics	https://drive.google.com/thumbnail?id=1CQp-SPIq6Co40djrB-T3RobgL-rwPmvu&sz=w1000
Valentine Photo Frame Laser Cut Bundle Graphics	https://drive.google.com/thumbnail?id=1GpN978BScPvEtpMhcYrjVBWSDweQCa_C&sz=w1000
Wall Art Guitar Layers Graphics	https://drive.google.com/thumbnail?id=1cMgepKsXHhkyVxX5l9ov_MelK2CQt-5z&sz=w1000
Wall Panel Laser Cut SVG Bundle Graphics	https://drive.google.com/thumbnail?id=17foqOKCSS8Ki4HUOVhqRK_6sYYnl4SJD&sz=w1000
Wall Tree Art Forest SVG Wall Panel Graphics	https://drive.google.com/thumbnail?id=1tVpP_pl19DQZhB3ZvuG7F9Go3yr3cEYg&sz=w1000
Wooden Mandala Wall Hanging CNC File Free	https://drive.google.com/thumbnail?id=1KbjJBSjCHk9e9hpxLU6UxdfTIUBj0q7Y&sz=w1000
Yin Yang Guitar 3D Shadow Box Paper Cut Graphics	https://drive.google.com/thumbnail?id=1dMLDdEbVWgnOnHvBr2iBnbIpfi4b0KI7&sz=w1000
Yoga Multilayer Cut File Mandala Graphics	https://drive.google.com/thumbnail?id=1iX3OHIXhc3P6LAyAvn1Lpq6iCoExZFhz&sz=w1000
Lion Silhouette SVG EPS DXF Vector Graphics	https://drive.google.com/thumbnail?id=1OMzBY3VP05ZpB-ZxW2Y-6Cffe_Vf8Xhw&sz=w1000
Lion SVG EPS DXF PNG JPG Silhouette Graphics	https://drive.google.com/thumbnail?id=1L-HasD7-wZ3jYCubJlrJ-N9iLhxItrX9&sz=w1000
Lion Wildlife Stencils SVG Graphics	https://drive.google.com/thumbnail?id=1VKywv2QbDnxG36hlPKC4HF8dCN0OYuUh&sz=w1000
London Tower Bridge SVG PNG JPG Cut File Graphics	https://drive.google.com/thumbnail?id=1YYThkNxO-rG_XRHyPuhtBSWhxQzY-whU&sz=w1000
Lotus Multilayer Laser Cut Files Graphics	https://drive.google.com/thumbnail?id=1e0Hk1BvQm9Jqnz-DUmUU4Or3faSWlY7K&sz=w1000
Lotus Multilayer Laser Cut SVG Files Graphics	https://drive.google.com/thumbnail?id=1k6pZ6pmq6gMGcWF7_zz4FSlTA1Mgotqr&sz=w1000
Mandala Buddha Lotus Yogi Graphics	https://drive.google.com/thumbnail?id=1IIwe6g0KmbMwA18Xf7folXy5DBu_YrVn&sz=w1000
Mandala Buddha Multilayer Wall Art Graphics	https://drive.google.com/thumbnail?id=1h__lW19zaGHQXatqQtdTzeBgOvMqvOod&sz=w1000
Mandala DXF for Laser Cut SVG Graphics	https://drive.google.com/thumbnail?id=1Ba5ypjmSSXxXV4Z6YUP3bT4tE4ukdFE4&sz=w1000
Mandala Feather Laser Cut Decoration Graphics	https://drive.google.com/thumbnail?id=1SLoR49HvFQDfSNzw-jvCWZZ5DlUMGqWT&sz=w1000
Mom Baby Laser Cut Files Mothers Day Graphics	https://drive.google.com/thumbnail?id=1xQPUdHyc3NhW1WVgyh6wB2Rei_eAVhU5&sz=w1000
Mom Mum Dad Mothers Fathers Day SVG Card Graphics	https://drive.google.com/thumbnail?id=1CFyjd5kW8iAQz3ZbTgyEWnxENex09n4J&sz=w1000
Mother Day Love Laser Cut Design Graphics	https://drive.google.com/thumbnail?id=1-A_jLR4tlKxGteCY3CtnMEq9QKZAqeCI&sz=w1000
3D Birthday SVG DXF Cake Topper SVG Graphics	https://drive.google.com/thumbnail?id=18NCphPFrUprdUI7qS4Ljd3BDAAi8avOZ&sz=w1000
3D Christmas SVG DXF 4 Layer Graphics	https://drive.google.com/thumbnail?id=1aDIztPRnXp1DLH0yATM_DcyXwpMl0yiL&sz=w1000
3D Easter Egg Holder Laser Cut Bundle Graphics	https://drive.google.com/thumbnail?id=1hQWVUI2wzBkFRSqrMmljhUXMS2waVwZk&sz=w1000
Bear Mountain Scene Silhouette SVG DXF Graphics	https://drive.google.com/thumbnail?id=1CvxerPp_QjmwYiokZbskhLYqvH5nPj0y&sz=w1000
Bear Silhouette SVG EPS DXF Vector Graphics	https://drive.google.com/thumbnail?id=1ODUnpYIkaCAglFblM6VeBLoZfr-EU99F&sz=w1000
Bison Buffalo Multilayer Laser Cut File Graphics	https://drive.google.com/thumbnail?id=11NhZm8xN_GqANJSLd-s95MJeVCl6Yx09&sz=w1000
Romantic Couple Laser Cut Love Sign SVG Graphics	https://drive.google.com/thumbnail?id=1m98zN8YuHXZbIFYupk2xWiV9xbQtKaW8&sz=w1000
Butterfly Shadow Box Laser Cut Wall Decor Graphics	https://drive.google.com/thumbnail?id=1dctb-C12kScBS_NRHilzpOauP1wmzb9f&sz=w1000
Chinese Dragon Multilayer Laser Cut File Graphics	https://drive.google.com/thumbnail?id=1dkXzrJaSL6EnDUNBXspMz9SEKbhy8yWn&sz=w1000
Tower Eiffel Paris 3D Graphics	https://drive.google.com/thumbnail?id=1F6cEAbjCsDi5Kxnv-s_PnQigZQopc1_Q&sz=w1000
Underwater World Wall Panel Laser Cut Graphics	https://drive.google.com/thumbnail?id=1ebrZw-mD6SD-1esr_fmeui2UQSjshst4&sz=w1000
Wall Tree Art Forest SVG Wall Panel Graphics	https://drive.google.com/thumbnail?id=1u13LFN1kabwejPRe3SK3ViB1bLitwBat&sz=w1000
Lion Silhouette SVG EPS DXF Vector Graphics	https://drive.google.com/thumbnail?id=1vWSPnfEAPcmf4HjAlGoOi8ztD2x7qZuW&sz=w1000
Lion SVG EPS DXF Silhouette Graphics	https://drive.google.com/thumbnail?id=1lkJwWC-eIFUtvN-4JWdcVw6atdGsqBXz&sz=w1000
Lion SVG EPS DXF Silhouette Graphics	https://drive.google.com/thumbnail?id=19-oy0xLIHIB798vvwlGJvW2Cbq4xesCH&sz=w1000
Lion SVG EPS DXF Silhouette Graphics	https://drive.google.com/thumbnail?id=1-o1aGc5OL7bEgrWeyL2Jo9opFaMO9ygK&sz=w1000
Lions Wildlife Stencils SVG Graphics	https://drive.google.com/thumbnail?id=1vRJ4d32P6l7dx9lgkmLoZuvA8n25K3Ii&sz=w1000
London Tower Bridge SVG PNG JPG Cut File Graphics	https://drive.google.com/thumbnail?id=1l_U15qOFUM_cx7EB_PKizZLWITx0v8M6&sz=w1000
Lotus Multilayer Laser Cut Files Graphics	https://drive.google.com/thumbnail?id=1nVmPGtdIZ36AU0a8tCB9-hI4KryiXGdf&sz=w1000
LOTUS Multilayer Laser Cut SVG Files Graphics	https://drive.google.com/thumbnail?id=12DHDP0yJ0Yvcm_U_W2P6nOJ_FUsRlIrw&sz=w1000
Mandala Buddha Lotus Yogi Graphics	https://drive.google.com/thumbnail?id=1TjUuSLow2_S3GYM827HgwssDQ25t-HtU&sz=w1000
MANDALA BUDDHA Multilayer Wall Art Graphics	https://drive.google.com/thumbnail?id=1h0ECffSTRXXdiBwP1nYFLAM0dZbtv9Gz&sz=w1000
Mandala DXF for Laser Cut Mandala SVG Graphics	https://drive.google.com/thumbnail?id=1NJ3ohQh_VUYFBTJJrFEi_Kdr3q89RYts&sz=w1000
MANDALA FEATHER Laser Cut Decoration Graphics	https://drive.google.com/thumbnail?id=158QGzflKX-vfKnylsRAKkV4VtcSniTPy&sz=w1000
MOM BABY Laser Cut Files Mothers Day Graphics	https://drive.google.com/thumbnail?id=1NygjqgZkh2xeUbHbD1-nZgsAla8QyP9P&sz=w1000
Mom Mum Dad Mothers Fathers Day SVG Card Graphics	https://drive.google.com/thumbnail?id=185YCf-ej7REmcPwoxyRSX7K8RXaDqUHk&sz=w1000
Mom Mum Dad SVG Cut Out Card Graphics	https://drive.google.com/thumbnail?id=1FhwHezQ6pkGj8NOM5es-Rx8iKgD0cy-2&sz=w1000
Mother Day Love Laser Cut Design Graphics	https://drive.google.com/thumbnail?id=1rV7RKxPr1oOqAXI61f9jy1fnLIOYufWe&sz=w1000
Multilayer Cut File Mandala Graphics	https://drive.google.com/thumbnail?id=1yanI1Ieakl3TD3sxCv9QR2pbSjHFnElx&sz=w1000
3D Birthday SVG DXF Cake Topper SVG Graphics	https://drive.google.com/thumbnail?id=1I_E1hx0LBwhfjLL-NEMPON17KYvC4_1J&sz=w1000
Multilayer Cut File Mothers Day Graphics	https://drive.google.com/thumbnail?id=1CgEMB_e-uBc7Mb1CDqn3k2YhnH01DwyV&sz=w1000
3D Chess SVG DXF Multilayer File Laser Graphics	https://drive.google.com/thumbnail?id=1hq97vwWaOiR0WZLlMRri_UCiwe4HwcWc&sz=w1000
3D Christmas SVG DXF 4 Layer Bell SVG Graphics	https://drive.google.com/thumbnail?id=1oSXydSwzeoQDIrFer7euWRsUD8a2yUPy&sz=w1000
3D Christmas SVG DXF 4 Layer Sleigh SVG Graphics	https://drive.google.com/thumbnail?id=1X6Jr6I-eLQckPTHAT_bZP1gqVl8j5TjN&sz=w1000
Multilayer Laser Cut File Kitty Graphics	https://drive.google.com/thumbnail?id=18KFdGT8G5B8uk0xEk8IpIotcQ8lnoLq7&sz=w1000
3D Easter Egg Holder Laser Cut Bundle Graphics	https://drive.google.com/thumbnail?id=1YyX9WwJ-p9-lmtQ_1w3WGtvMW1wqHBwW&sz=w1000
Multilayer Laser Cut File Women DXF Graphics	https://drive.google.com/thumbnail?id=1UOsBJRAO_qGximuXSL8iRb2wEI9rPcF5&sz=w1000
3D Easter Layered Decor Laser Cut Graphics	https://drive.google.com/thumbnail?id=1hZj0v7QDZe8M7uVrxEipc8f0IQh0Bql-&sz=w1000
Multilayer Panel CNC Laser Cutting DXF File Free	https://drive.google.com/thumbnail?id=10HBpEh-4hZBAn7GrEOpTPhAgf9thICbV&sz=w1000
3D Floral Wreath SVG DXF 6 Layers SVG Graphics	https://drive.google.com/thumbnail?id=1jlnaEpCnNKD1n3dR3adkUN0HtndMvTS7&sz=w1000
Mum Dad Photo Frame Gifts Mothers Day Graphics	https://drive.google.com/thumbnail?id=1AClLH87seAiZhb0Idsm-AB7Y2EKIEJUh&sz=w1000
3D Flower Acrylic Wall Decor Laser Cutting Free	https://drive.google.com/thumbnail?id=13tqwD79nKeZpgc6TEkX5CPr73_8QcXSY&sz=w1000
Mystical Decor Laser Cut SVG Mega Bundle Graphics	https://drive.google.com/thumbnail?id=1SGTDyjGyoouY9P_Ygj0cEFV5WUF5XaNX&sz=w1000
Mystical Moon Laser Cut Wall Decor Graphics	https://drive.google.com/thumbnail?id=1N2bXNIPf0VPXevOwVvV_je7GZ_dJT7P0&sz=w1000
3D Halloween Bat SVG DXF Bundle Graphics	https://drive.google.com/thumbnail?id=1faGemlhQoteCm4TcdpgaBgeAH2UV7-Sz&sz=w1000
NEW YORK City Multilayer Laser Cut Files Graphics	https://drive.google.com/thumbnail?id=1JF13rHLUTQCK6nEFk6WsBeCHSdtKVQs1&sz=w1000
3D Halloween Cat SVG DXF Graphics	https://drive.google.com/thumbnail?id=1B6qMedK2gUrgkQo89Lv07EhlLxjTa03c&sz=w1000
Octopus SVG Paper Cut Laser Cutting Graphics	https://drive.google.com/thumbnail?id=1lM9ffJzE6c7mBvf7eA7UPXBye5ZpXhX-&sz=w1000
3D Halloween Witch SVG DXF 8 Layer Graphics	https://drive.google.com/thumbnail?id=12BstqIEzP_IsEAXsfGCzYAmpAJtb1y0p&sz=w1000
3D Skeleton Halloween Pumpkin SVG DXF Graphics	https://drive.google.com/thumbnail?id=1AJtRvNW-AditRVsazGkkOR0cBmABKxeY&sz=w1000
Owl SVG Paper Cut Laser Cutting Graphics	https://drive.google.com/thumbnail?id=1OTKDxgWnU94iUu96EgRKTkCIUpersqRZ&sz=w1000
3D Unicorn Multilayer SVG Laser Cut File Graphics	https://drive.google.com/thumbnail?id=13COWvZMLoxho7ZEV14yZkXrwauYEDlRC&sz=w1000
6 Set Bundle Butterfly Flower Wall SVG Graphics	https://drive.google.com/thumbnail?id=1hNiwhLTcI9YRD_wMAPlh6A-en5_Spx6I&sz=w1000
Animals Bundle Set of 8 Graphics	https://drive.google.com/thumbnail?id=143JEgn9ptnxP1utNZ7teo6GIpnWmVFpe&sz=w1000
Baby Laser Cut Template Layered SVG Graphics	https://drive.google.com/thumbnail?id=1ukUR42K_Bfagc9awFil5HdUuNphM09iM&sz=w1000
Bear Mountain Scene Silhouette SVG DXF Graphics	https://drive.google.com/thumbnail?id=1U3LhIv9DW59s9iVSziWGJsleMbeaUUCL&sz=w1000
Bear Silhouette SVG EPS DXF Vector Graphics	https://drive.google.com/thumbnail?id=1bDtnqzwMtGErv9wX3wHAR_KQWMoLY7QZ&sz=w1000
Bison Buffalo Multilayer Laser Cut File Graphics	https://drive.google.com/thumbnail?id=1rnqMw_tE6umkJ--CUjl5WsV8wuIYhJTE&sz=w1000
Bloom Spring Window 3D Paper Cut SVG Graphics	https://drive.google.com/thumbnail?id=1GhPmpPZdvF7LBwBWK87sJtxMX2lfaJRq&sz=w1000
Romantic Couple Laser Cut Love Sign SVG Graphics	https://drive.google.com/thumbnail?id=1LXUkoUkGHOQ5S9aa6VhFawYos79bD2Ik&sz=w1000
Butterfly Shadow Box Laser Cut Wall Deco Graphics	https://drive.google.com/thumbnail?id=10qWYO7fdnxDKt5J09HTL2K1McjmRQl4A&sz=w1000
Romantic Love Laser Cut Design Graphics	https://drive.google.com/thumbnail?id=1Y0Yq5DuATfYfSxK-sgkeTlbtISEjPRRy&sz=w1000
Cat Dog Papercut Christmas Popup Card Graphics	https://drive.google.com/thumbnail?id=1royYVl9zz5Eas26Ilv_QhaBK0UwnUlOj&sz=w1000
Save Ukraine Bundle of 9 Laser Cut Files Graphics	https://drive.google.com/thumbnail?id=1Ca3-12hpKPyu8mrYt413A_zoZXXxJwSj&sz=w1000
Saxophone Multilayer Cut Template Graphics	https://drive.google.com/thumbnail?id=1J2LyYqhze3Dg9MlDAH46-po5Y3FmNuPM&sz=w1000
CHINESE DRAGON Multilayer Laser Cut File Graphics	https://drive.google.com/thumbnail?id=1BLuLyYcOspNipu7Rqn2zIBc84keu3EIg&sz=w1000
Christmas Angels Laser Cut SVG Bundle Graphics	https://drive.google.com/thumbnail?id=1BALLsVaLYfSqclg98Ew_pVspXhGMxm-Y&sz=w1000
Set Of 4 Plant Laser Cut Bundle Graphics	https://drive.google.com/thumbnail?id=1yPAwFzScxlaAtTFuFaF3rQd3uTDk3yiv&sz=w1000
Snowglobe Christmas Laser Cut Graphics	https://drive.google.com/thumbnail?id=1GBLApQtocxsDaJjgbMnBYo5NpdmlNWL1&sz=w1000
Snowglobe Christmas Ornament Laser Cut Graphics	https://drive.google.com/thumbnail?id=1hSdSHf8VO5IkWlotW-03gmsvT324IFmr&sz=w1000
Stacking Bible Laser Cut File Big Bundle Graphics	https://drive.google.com/thumbnail?id=14IlO8Ym4c0a-g1Da_qNfZnYhac19i63v&sz=w1000
Stained Glass Animals Bundles Of Files Graphics	https://drive.google.com/thumbnail?id=1wimK3XaO3ZkwaILQCvt-X8AjCsneyTOw&sz=w1000
Surfboard Wooden Wall Art Decoration Graphics	https://drive.google.com/thumbnail?id=1AuSK5xUPNSzvGMZLzJQFmy_DAwnEo1Yq&sz=w1000
Thanksgiving Day Multilayer Cut Template Graphics	https://drive.google.com/thumbnail?id=1wR8U8kMSVeQf0-SV0wW-Eb1K0cH4DV6N&sz=w1000
Tower Eiffel Paris 3D Graphics	https://drive.google.com/thumbnail?id=1fvrowSS4zo70fvbdu5Hjqb5xmHJaw_f3&sz=w1000
Travel Wildlife Stencils SVG Graphics	https://drive.google.com/thumbnail?id=1FU4CTCSZKRBx8tX7SpwZDGUlj7LE3Z_i&sz=w1000
Tree Wall Interior Decor Graphics	https://drive.google.com/thumbnail?id=10uSp56F6SdVDeJyzRHXWDP7MtDGOcbC_&sz=w1000
Turkey Thanksgiving Day Cut Files Graphics	https://drive.google.com/thumbnail?id=1ZNc3pcQf5GKbPcGrLstGbul9-MSX_RLI&sz=w1000
Undersea Wall Art Panel CNC Cut Files Graphics	https://drive.google.com/thumbnail?id=1CfUXGJRxljYe3mS_U-pYdSC4J6DCnmy9&sz=w1000
Underwater World Wall Panel Laser Cut Graphics	https://drive.google.com/thumbnail?id=14nj54tv28QM5vsxhhYPSYBBZ4nkP_w_n&sz=w1000
Valentine Photo Frame Laser Cut Bundle Graphics	https://drive.google.com/thumbnail?id=1aBRWlungN9KWHIm91YsdS__XEC3-vGOn&sz=w1000
Wall Art Guitar Layers Graphics	https://drive.google.com/thumbnail?id=1rMkFSubNNQ4THoszUqxvcus4nBothCNX&sz=w1000
Wall Panel Laser Cut SVG Bundle Graphics	https://drive.google.com/thumbnail?id=1FmYoigAlXhQuLhrIJLBGOQwNyQfBt7K7&sz=w1000
Wall Tree Art Forest SVG Wall Panel Graphics	https://drive.google.com/thumbnail?id=1pL4euYkEVbwXeTAD9kb3ZL21fYt8xNl5&sz=w1000
Wooden Mandala Wall Hanging CNC File Free	https://drive.google.com/thumbnail?id=196U1Fc3tixJX7fbEpnsnttr8KyhqKHnk&sz=w1000
Yin Yang Guitar 3D Shadow Box Paper Cut Graphics	https://drive.google.com/thumbnail?id=13pluB_C7KO0RFbuRjh7XrbnPeMgEgUcD&sz=w1000
Yoga Multilayer Cut File Mandala Graphics	https://drive.google.com/thumbnail?id=1LyJUeMGM-eZR9wWVAwo6-xe4QHBFpCcq&sz=w1000
Lion Silhouette SVG EPS DXF Vector Graphics	https://drive.google.com/thumbnail?id=15vU-dyM3vW2u3hd2h5cZgWRkhjf417X1&sz=w1000
Lion SVG EPS DXF PNG JPG Silhouette Graphics	https://drive.google.com/thumbnail?id=1NmKNfIpNkfqHHQSgUfXBOwJQeNQ18evD&sz=w1000
Lion Wildlife Stencils SVG Graphics	https://drive.google.com/thumbnail?id=1R8MPVRzOmw5QDnVtoNx9WjdMyXu5wKBv&sz=w1000
London Tower Bridge SVG PNG JPG Cut File Graphics	https://drive.google.com/thumbnail?id=1tuidqyjlqnBVz_F0b0HRCHrO9cAfuguO&sz=w1000
Lotus Multilayer Laser Cut Files Graphics	https://drive.google.com/thumbnail?id=1ctV81ixmkD8UgceyPyXfP4t7nwp1RNTs&sz=w1000
Lotus Multilayer Laser Cut SVG Files Graphics	https://drive.google.com/thumbnail?id=1ozy1j_V2wDRaqVtYCIMElU39dUU4E_ao&sz=w1000
Mandala Buddha Lotus Yogi Graphics	https://drive.google.com/thumbnail?id=1yPHMdPjpgtPYpn4Hy_ORTfsYnT7WdVui&sz=w1000
Mandala Buddha Multilayer Wall Art Graphics	https://drive.google.com/thumbnail?id=15mVeZP8DhbjeYPxVWdVj57cBGTFNhecj&sz=w1000
Mandala DXF for Laser Cut SVG Graphics	https://drive.google.com/thumbnail?id=11sWcBQ1Z1O1q6ckjJCouPnXU8yxqPFoW&sz=w1000
Mandala Feather Laser Cut Decoration Graphics	https://drive.google.com/thumbnail?id=1nZTM5-nLjOPtIRcf5cslve5MAz_RgI4a&sz=w1000
Mom Baby Laser Cut Files Mothers Day Graphics	https://drive.google.com/thumbnail?id=1AO2Qbn8eOguhUEjsSX-J2Ic-RI1wvgpK&sz=w1000
Mom Mum Dad Mothers Fathers Day SVG Card Graphics	https://drive.google.com/thumbnail?id=1V6Teyf08mTSl4rqYLh1R4vnrLYvnICz3&sz=w1000
Mother Day Love Laser Cut Design Graphics	https://drive.google.com/thumbnail?id=1rBMUEnUCK3IKVQKb-6pEPAneuoV8f1er&sz=w1000
3D Birthday SVG DXF Cake Topper SVG Graphics	https://drive.google.com/thumbnail?id=1D5ke3tNanfaaZ8bi27tXz0Y7eo7faiE9&sz=w1000
3D Christmas SVG DXF 4 Layer Graphics	https://drive.google.com/thumbnail?id=1stDINqt5WP4S0YJPy2P64VDgX4X7nXII&sz=w1000
3D Easter Egg Holder Laser Cut Bundle Graphics	https://drive.google.com/thumbnail?id=1CxU28L5gPRsGwSgzGwmwsIiuujQCmNOm&sz=w1000
Bear Mountain Scene Silhouette SVG DXF Graphics	https://drive.google.com/thumbnail?id=1GcSvuEhwFs_PQm_GTzVy44PM54p5MABf&sz=w1000
Bear Silhouette SVG EPS DXF Vector Graphics	https://drive.google.com/thumbnail?id=1J23nZlpbyvo8G0vTdFVh-x3Jvr6UfNqF&sz=w1000
Bison Buffalo Multilayer Laser Cut File Graphics	https://drive.google.com/thumbnail?id=1mtSsb77mFLmNWEqCxTB7VNsOT_ftu5um&sz=w1000
Romantic Couple Laser Cut Love Sign SVG Graphics	https://drive.google.com/thumbnail?id=1a6Hej16OqSqs2nLQdyMbQbNu-NPwFAtp&sz=w1000
Butterfly Shadow Box Laser Cut Wall Decor Graphics	https://drive.google.com/thumbnail?id=1JP_7uvmdHaDw8tOM2RA8t-B6QPZFJotA&sz=w1000
Chinese Dragon Multilayer Laser Cut File Graphics	https://drive.google.com/thumbnail?id=1sTdF9LcTJHAB9iiShq41rmEBz7DI0uzX&sz=w1000
Tower Eiffel Paris 3D Graphics	https://drive.google.com/thumbnail?id=1hNbm33oOqRBGe7bDB2UwSFJ7TfghoEaj&sz=w1000
Underwater World Wall Panel Laser Cut Graphics	https://drive.google.com/thumbnail?id=1Ui9bk0fOIO_xaWBsjnTNxmUvXA7o_wTJ&sz=w1000
Wall Tree Art Forest SVG Wall Panel Graphics	https://drive.google.com/thumbnail?id=12rC-Za8YvQLP4w_XODcBElPHNZrHiyB5&sz=w1000
Lion Silhouette SVG EPS DXF Vector Graphics	https://drive.google.com/thumbnail?id=180PxSURsvoDi8195Ql4FBHQlFsDYoxOJ&sz=w1000
Lion SVG EPS DXF Silhouette Graphics	https://drive.google.com/thumbnail?id=1LDhBG6VA-NU8LZumOg_ENAJD_qSpyQes&sz=w1000
Lion SVG EPS DXF Silhouette Graphics	https://drive.google.com/thumbnail?id=1tA0SycvCkBI7kNloN4zOLBVas0mZJsfF&sz=w1000
Lion SVG EPS DXF Silhouette Graphics	https://drive.google.com/thumbnail?id=1SkwBVxo4LSg9Rr3B4Jf1FjoywpaqPg7y&sz=w1000
Lions Wildlife Stencils SVG Graphics	https://drive.google.com/thumbnail?id=18ShRaAMb84ZVH37pvfGg4JjOt5sAAFBf&sz=w1000
London Tower Bridge SVG PNG JPG Cut File Graphics	https://drive.google.com/thumbnail?id=1R4dRZa_TxnY89jY5EpWUtnDhgmY51OxQ&sz=w1000
Lotus Multilayer Laser Cut Files Graphics	https://drive.google.com/thumbnail?id=1HiWJ_ZszTGauPtjZsLO3Bjat2O0Ht9qM&sz=w1000
LOTUS Multilayer Laser Cut SVG Files Graphics	https://drive.google.com/thumbnail?id=1kcZYB19VHjnNieuvFrWxIWwIJP2nVKin&sz=w1000
Mandala Buddha Lotus Yogi Graphics	https://drive.google.com/thumbnail?id=1peXJlgEE1x4iT1vz0W3CJnCGGZ-u4mzn&sz=w1000
MANDALA BUDDHA Multilayer Wall Art Graphics	https://drive.google.com/thumbnail?id=1Pjbc78eVvn1ppDHPDa7xP0LpcEbR9CQ6&sz=w1000
Mandala DXF for Laser Cut Mandala SVG Graphics	https://drive.google.com/thumbnail?id=147dX9TOQ6O3to76_8GKEyr1TtSmUyQRF&sz=w1000
MANDALA FEATHER Laser Cut Decoration Graphics	https://drive.google.com/thumbnail?id=1W9gWmZh0gCmghvfzUEmjEOCr9ewz-gUe&sz=w1000
MOM BABY Laser Cut Files Mothers Day Graphics	https://drive.google.com/thumbnail?id=15Y6N6KWHzvtOx9QYx_2j3Dq9fA-kwhgK&sz=w1000
Mom Mum Dad Mothers Fathers Day SVG Card Graphics	https://drive.google.com/thumbnail?id=1wIsORx3kQ4H0lWKcq1jVy5AwNnUvcglo&sz=w1000
Mom Mum Dad SVG Cut Out Card Graphics	https://drive.google.com/thumbnail?id=1aJP_AeVDDAzfsIliw08BetT0WJReMLtk&sz=w1000
Mother Day Love Laser Cut Design Graphics	https://drive.google.com/thumbnail?id=1TP-U-5IC_MU9DydPjPlTxoJ_PXSWInCh&sz=w1000
Multilayer Cut File Mandala Graphics	https://drive.google.com/thumbnail?id=1rLO59k8cdtVxeoK6qsIlbj1O66LVeNqu&sz=w1000
3D Birthday SVG DXF Cake Topper SVG Graphics	https://drive.google.com/thumbnail?id=1W1vyYHQrC0db1t0YnqhDK1Qn_bt2hkEC&sz=w1000
Multilayer Cut File Mothers Day Graphics	https://drive.google.com/thumbnail?id=1GbfwQtHVPsFTKVAx_yuI1de_qjCvX-1v&sz=w1000
3D Chess SVG DXF Multilayer File Laser Graphics	https://drive.google.com/thumbnail?id=10q767HIyd8BqwlG4SdNkntp5DmsmlE3m&sz=w1000
3D Christmas SVG DXF 4 Layer Bell SVG Graphics	https://drive.google.com/thumbnail?id=1Q4I280AIP1PimGrFT16IoeZIsgQ0YoSL&sz=w1000
3D Christmas SVG DXF 4 Layer Sleigh SVG Graphics	https://drive.google.com/thumbnail?id=1Q0AyFtWLMmpsByM_4-2PwQ61Zi-2cZ3d&sz=w1000
Multilayer Laser Cut File Kitty Graphics	https://drive.google.com/thumbnail?id=1orWvPUzbd81wA-ZWKVvUDP93HnXBPtkw&sz=w1000
3D Easter Egg Holder Laser Cut Bundle Graphics	https://drive.google.com/thumbnail?id=1C3h8Ny3ETHTmqtemY8k5Qgc9hP3d0kJH&sz=w1000
Multilayer Laser Cut File Women DXF Graphics	https://drive.google.com/thumbnail?id=1ClgckTWuS1z9adL9AEU21o0ZtbREJ3y-&sz=w1000
3D Easter Layered Decor Laser Cut Graphics	https://drive.google.com/thumbnail?id=1NU8sE80HWZIjbTp7VH9Eup3MVLY0Mxhu&sz=w1000
Multilayer Panel CNC Laser Cutting DXF File Free	https://drive.google.com/thumbnail?id=1sxsMnEnZoEQVahWEfU61etvxZ7wD_QcB&sz=w1000
3D Floral Wreath SVG DXF 6 Layers SVG Graphics	https://drive.google.com/thumbnail?id=1THtmajDcMsvxyC_Ra-Qc1Jfg5oZ84zR4&sz=w1000
Mum Dad Photo Frame Gifts Mothers Day Graphics	https://drive.google.com/thumbnail?id=1ukTsVt4Rp6gOnAaANRRWJ1Zx5oRpENj3&sz=w1000
3D Flower Acrylic Wall Decor Laser Cutting Free	https://drive.google.com/thumbnail?id=1bh2wtVu6xIxOUJmNRcry9HUVtr2_7HB5&sz=w1000
Mystical Decor Laser Cut SVG Mega Bundle Graphics	https://drive.google.com/thumbnail?id=1hYF2-q8c2N9dXgqRhk37WwLCjePOPBLz&sz=w1000
Mystical Moon Laser Cut Wall Decor Graphics	https://drive.google.com/thumbnail?id=1qb4VAW06x1VQvcsdrhCCoyzL3Ww_1iJ_&sz=w1000
3D Halloween Bat SVG DXF Bundle Graphics	https://drive.google.com/thumbnail?id=145vsrFT5TU2_vxb6gsxSjnAZ_xLzm1-s&sz=w1000
NEW YORK City Multilayer Laser Cut Files Graphics	https://drive.google.com/thumbnail?id=15DpivQtqv9ecY9p6h8dFSHBa3hbi9Y2P&sz=w1000
3D Halloween Cat SVG DXF Graphics	https://drive.google.com/thumbnail?id=1tjxz1DJHkhJICJFRPcVKBcJ0Y2doxssC&sz=w1000
Octopus SVG Paper Cut Laser Cutting Graphics	https://drive.google.com/thumbnail?id=1c_04j7xia3kE4-mnChZnW-8B5_sR_ndO&sz=w1000
3D Halloween Witch SVG DXF 8 Layer Graphics	https://drive.google.com/thumbnail?id=1qGlS5wGkSc2pvyC-LdgQO8N0-X1ueLZL&sz=w1000
3D Skeleton Halloween Pumpkin SVG DXF Graphics	https://drive.google.com/thumbnail?id=1SAh-7Y3mQImDEQI7Sef1hsJG93JqUapU&sz=w1000
Owl SVG Paper Cut Laser Cutting Graphics	https://drive.google.com/thumbnail?id=1HZ3_p8nf_8vqhZyt78ZShJl4ZJxioHQ9&sz=w1000
3D Unicorn Multilayer SVG Laser Cut File Graphics	https://drive.google.com/thumbnail?id=1IIzVCInIw5WaQZq_GA7AYEcsM6kf3Yop&sz=w1000
6 Set Bundle Butterfly Flower Wall SVG Graphics	https://drive.google.com/thumbnail?id=1dP0I1ZtceIWLpzyrecYNucPVDnb-wnqg&sz=w1000
Animals Bundle Set of 8 Graphics	https://drive.google.com/thumbnail?id=1DroRGDQoXiMjd4A7du7fUXTelUnWyrey&sz=w1000
Baby Laser Cut Template Layered SVG Graphics	https://drive.google.com/thumbnail?id=15kyk4ig8m94Wa8tTWsmDzGP7tc_hgRnB&sz=w1000
Bear Mountain Scene Silhouette SVG DXF Graphics	https://drive.google.com/thumbnail?id=1KcVpjFl7u0_5Fga25lFF5XbZI_Sb4Bo4&sz=w1000
Bear Silhouette SVG EPS DXF Vector Graphics	https://drive.google.com/thumbnail?id=1G6sGxKhtDZEd3zZ6TlOkZ-wgEmShbb3d&sz=w1000
Bison Buffalo Multilayer Laser Cut File Graphics	https://drive.google.com/thumbnail?id=1ysKyVjxl1TSeb_U-43eo-AOfPLtU5baa&sz=w1000
Bloom Spring Window 3D Paper Cut SVG Graphics	https://drive.google.com/thumbnail?id=1nyqUT-r2DUsIjiVMHOMHfbVoNIzJ080o&sz=w1000
Romantic Couple Laser Cut Love Sign SVG Graphics	https://drive.google.com/thumbnail?id=1ZWPLRPV3MV5GoEJRJEEPoodiX55TygwJ&sz=w1000
Butterfly Shadow Box Laser Cut Wall Deco Graphics	https://drive.google.com/thumbnail?id=1-JV5TMKIlDYrfGqfgxmptypfUUqvFLQS&sz=w1000
Romantic Love Laser Cut Design Graphics	https://drive.google.com/thumbnail?id=1dlTYD_g-qBTaeLlYvy0ZzZ9tZWeX9H40&sz=w1000
Cat Dog Papercut Christmas Popup Card Graphics	https://drive.google.com/thumbnail?id=1vEuRy2wnbda8nAXYmho3jBlupbLsfrxV&sz=w1000
Save Ukraine Bundle of 9 Laser Cut Files Graphics	https://drive.google.com/thumbnail?id=1bOR-3tQNS-iXxyITo2fMiyCJUBCyg4g9&sz=w1000
Saxophone Multilayer Cut Template Graphics	https://drive.google.com/thumbnail?id=13mk7CY-H0w6w8D4YFY0Kckx3Jr_Qq2t5&sz=w1000
CHINESE DRAGON Multilayer Laser Cut File Graphics	https://drive.google.com/thumbnail?id=134Sj0rUBzSODKOdQ350kprWkzHPdYYvg&sz=w1000
Christmas Angels Laser Cut SVG Bundle Graphics	https://drive.google.com/thumbnail?id=1RYac3P5XTqjGyAAbepB1fsCu6LI_IwQG&sz=w1000
Set Of 4 Plant Laser Cut Bundle Graphics	https://drive.google.com/thumbnail?id=1djwwAEVbr55vK6QbxStX1mB77GKpiUDB&sz=w1000
Snowglobe Christmas Laser Cut Graphics	https://drive.google.com/thumbnail?id=1VE2vKlABN-qU-UXyyPy_-SAJRTZpx57s&sz=w1000
Snowglobe Christmas Ornament Laser Cut Graphics	https://drive.google.com/thumbnail?id=1pJTStmxLeYSE90GG6SxpEf2f-ViF_flD&sz=w1000
Stacking Bible Laser Cut File Big Bundle Graphics	https://drive.google.com/thumbnail?id=1KmcB8_kxcLKWcwZsJDBr-6pE9iHOEopS&sz=w1000
Stained Glass Animals Bundles Of Files Graphics	https://drive.google.com/thumbnail?id=1VHyl6L7dXCVayAzZMWYg3HIbXnV2f0pE&sz=w1000
Surfboard Wooden Wall Art Decoration Graphics	https://drive.google.com/thumbnail?id=1fPc0OS6vQnUKZOxby5qDTdfn9Utq2hH5&sz=w1000
Thanksgiving Day Multilayer Cut Template Graphics	https://drive.google.com/thumbnail?id=1lxBrq1I7uyk0P6siWLrfsQAVZEo8IUyp&sz=w1000
Tower Eiffel Paris 3D Graphics	https://drive.google.com/thumbnail?id=1LoDNN7FmjagTIuwjU8ZP_iweagcTrV2z&sz=w1000
Travel Wildlife Stencils SVG Graphics	https://drive.google.com/thumbnail?id=1zP2rBeMKkcu0lCSKYmb7WatNc40CJBMh&sz=w1000
Tree Wall Interior Decor Graphics	https://drive.google.com/thumbnail?id=1z0o_Tdmov0EkGiit1H0qpyv2MpKP-yoM&sz=w1000
Turkey Thanksgiving Day Cut Files Graphics	https://drive.google.com/thumbnail?id=1GyBginlUasTaYzVSrKgNMDs02ckylBv_&sz=w1000
Undersea Wall Art Panel CNC Cut Files Graphics	https://drive.google.com/thumbnail?id=1R4dIJu1BSNIoacTg6hJ_-xEmsQz0ilJQ&sz=w1000
Underwater World Wall Panel Laser Cut Graphics	https://drive.google.com/thumbnail?id=14dO85LdS9BmDMBdIbEACbO7UWsfZHDLP&sz=w1000
Valentine Photo Frame Laser Cut Bundle Graphics	https://drive.google.com/thumbnail?id=15Xqv4kimMWWhBXNWuq9hjt39swTkOF6r&sz=w1000
Wall Art Guitar Layers Graphics	https://drive.google.com/thumbnail?id=1H9_l5uxaquBcMLVKMKhyf83YpG3totv9&sz=w1000
Wall Panel Laser Cut SVG Bundle Graphics	https://drive.google.com/thumbnail?id=1VUhT522-Nx0yoseeCyTN0El08DVGbcxy&sz=w1000
Wall Tree Art Forest SVG Wall Panel Graphics	https://drive.google.com/thumbnail?id=1ItTnxKk8AjXHUE-KN7-l0LjaDe7G_Rhr&sz=w1000
Wooden Mandala Wall Hanging CNC File Free	https://drive.google.com/thumbnail?id=11Pn-ZLwC8wWM0bFNz3efZGUnI8wsTjxd&sz=w1000
Yin Yang Guitar 3D Shadow Box Paper Cut Graphics	https://drive.google.com/thumbnail?id=1PFo5km_HZeoAJfeIZERVsvLhWctaHILN&sz=w1000
Yoga Multilayer Cut File Mandala Graphics	https://drive.google.com/thumbnail?id=1DAy4F1PWBAcxUtO5ibt5h7PSrBYBk1EC&sz=w1000
Lion Silhouette SVG EPS DXF Vector Graphics	https://drive.google.com/thumbnail?id=1ucEP1UCy1ivw6txwzWK-dUUDE94ousoI&sz=w1000
Lion SVG EPS DXF PNG JPG Silhouette Graphics	https://drive.google.com/thumbnail?id=1syEoew357EiSMdwBY9BcNOvvX3ra7c9Z&sz=w1000
Lion Wildlife Stencils SVG Graphics	https://drive.google.com/thumbnail?id=1tnty8vVHNy-I4TL2H-BG8vgn2c5i4_Qr&sz=w1000
London Tower Bridge SVG PNG JPG Cut File Graphics	https://drive.google.com/thumbnail?id=1l3ZVOCrMizP3GRBeyfMfyf_dSZ7-tGOQ&sz=w1000
Lotus Multilayer Laser Cut Files Graphics	https://drive.google.com/thumbnail?id=1tyHZjZbzjqbep7JVWX5h2kq8aLN0-a24&sz=w1000
Lotus Multilayer Laser Cut SVG Files Graphics	https://drive.google.com/thumbnail?id=1EOB-97LvdGvKYNIy5M94KjRFhpWvbWlE&sz=w1000
Mandala Buddha Lotus Yogi Graphics	https://drive.google.com/thumbnail?id=1yYRn46bobIEFqn6dLemFLnkA7yYFtZVm&sz=w1000
Mandala Buddha Multilayer Wall Art Graphics	https://drive.google.com/thumbnail?id=1sTe4WxBfmC4fqWn3LE_Axf91Z_cuu_WQ&sz=w1000
Mandala DXF for Laser Cut SVG Graphics	https://drive.google.com/thumbnail?id=1jhsUc2U0SRJGnJKJm5QcJTA1s8C_fIE5&sz=w1000
Mandala Feather Laser Cut Decoration Graphics	https://drive.google.com/thumbnail?id=1wAjXyu-ZUA6tvCaSQnU9POaZOBiQI3Lx&sz=w1000
Mom Baby Laser Cut Files Mothers Day Graphics	https://drive.google.com/thumbnail?id=1s_d35ap7L7s4TgRrxcezWgLrvxpN6I_C&sz=w1000
Mom Mum Dad Mothers Fathers Day SVG Card Graphics	https://drive.google.com/thumbnail?id=1Oo10Yx1ne4lG9pWm0WnO_5YywCAY3f-c&sz=w1000
Mother Day Love Laser Cut Design Graphics	https://drive.google.com/thumbnail?id=1l6vTJshM434wM33ZupGBtoc1sx6z5Tvr&sz=w1000
3D Birthday SVG DXF Cake Topper SVG Graphics	https://drive.google.com/thumbnail?id=1JQ0WlAw9-TK6EJqfiFb-JR3wz-IVKfjH&sz=w1000
3D Christmas SVG DXF 4 Layer Graphics	https://drive.google.com/thumbnail?id=1KevfKRwMkPa6muO9NXlxWQkx4CZZT0Fs&sz=w1000
3D Easter Egg Holder Laser Cut Bundle Graphics	https://drive.google.com/thumbnail?id=1fyU_PyrZdWCikL2nffj4gB5OxBsZtr8s&sz=w1000
Bear Mountain Scene Silhouette SVG DXF Graphics	https://drive.google.com/thumbnail?id=1h9Qn3XFknF5JC7tx28vQUxKwZ7qy0OMI&sz=w1000
Bear Silhouette SVG EPS DXF Vector Graphics	https://drive.google.com/thumbnail?id=1w0DnXvM-td3De_cPKQA3z-I5V7FjjlNQ&sz=w1000
Bison Buffalo Multilayer Laser Cut File Graphics	https://drive.google.com/thumbnail?id=1upOEeoz2kEVG4z46igrjCAzfs7ZZESdP&sz=w1000
Romantic Couple Laser Cut Love Sign SVG Graphics	https://drive.google.com/thumbnail?id=1EyUeS6S1v2ss8AUT5jq3bkY3bbytCsxe&sz=w1000
Butterfly Shadow Box Laser Cut Wall Decor Graphics	https://drive.google.com/thumbnail?id=1XAEKerpDMdguclhv_t7GSnYUEtv02c6t&sz=w1000
Chinese Dragon Multilayer Laser Cut File Graphics	https://drive.google.com/thumbnail?id=1WTirG4g-FyISJPjAQ5x8-VeCpXoc2tMT&sz=w1000
Tower Eiffel Paris 3D Graphics	https://drive.google.com/thumbnail?id=1DF10nMF7yrQ7PzuY7UrUUKcLmf6yjQMq&sz=w1000
Underwater World Wall Panel Laser Cut Graphics	https://drive.google.com/thumbnail?id=1kyCj-gEbtnnBw6HkegcilUWJylBtzvWM&sz=w1000
Wall Tree Art Forest SVG Wall Panel Graphics	https://drive.google.com/thumbnail?id=1L8sSP_OSbTYaGDBjCDONUGDOvDZVDJSB&sz=w1000
Lion Silhouette SVG EPS DXF Vector Graphics	https://drive.google.com/thumbnail?id=1QKU6nRjL8adWPVgHt0uNdXcme3w-HfXG&sz=w1000
Lion SVG EPS DXF Silhouette Graphics	https://drive.google.com/thumbnail?id=1zbbd_GCKWr0KKPZFyNq5g1opVRyeBe0q&sz=w1000
Lion SVG EPS DXF Silhouette Graphics	https://drive.google.com/thumbnail?id=1sct6TthxXGhPkMscUddju9YtTVSFEOzH&sz=w1000
Lion SVG EPS DXF Silhouette Graphics	https://drive.google.com/thumbnail?id=1ADg-tSokdon4e1z5QkVJYpqIEafJ7dy7&sz=w1000
Lions Wildlife Stencils SVG Graphics	https://drive.google.com/thumbnail?id=1gV27Tqozpn_px9cITrI2FyYh1AGJFq-T&sz=w1000
London Tower Bridge SVG PNG JPG Cut File Graphics	https://drive.google.com/thumbnail?id=1ttMKfLa-eSI0MFvoYjmefhzWAB1v5Ody&sz=w1000
Lotus Multilayer Laser Cut Files Graphics	https://drive.google.com/thumbnail?id=1yGYW1fkZbFt2AVg1SyIGRBnXlgCQsJUP&sz=w1000
LOTUS Multilayer Laser Cut SVG Files Graphics	https://drive.google.com/thumbnail?id=1D2rk0pxckeF1rzZRzI422cjNzr-UmXgf&sz=w1000
Mandala Buddha Lotus Yogi Graphics	https://drive.google.com/thumbnail?id=10Ak5pvszICDPxTrAvozCvQhLdPvgqNWR&sz=w1000
MANDALA BUDDHA Multilayer Wall Art Graphics	https://drive.google.com/thumbnail?id=1AtK1PAzJx6ZcitSeOzrV0konwln4xaq3&sz=w1000
Mandala DXF for Laser Cut Mandala SVG Graphics	https://drive.google.com/thumbnail?id=1zfefjCfyNVSengkYbMN-12sXu5mljFiP&sz=w1000
MANDALA FEATHER Laser Cut Decoration Graphics	https://drive.google.com/thumbnail?id=1YTciswTkmUzk48fnhKIhXAmoWXHSBPqU&sz=w1000
MOM BABY Laser Cut Files Mothers Day Graphics	https://drive.google.com/thumbnail?id=1XeT4eF_QZeBycI0IlNN1KDKg3GEUwz2e&sz=w1000
Mom Mum Dad Mothers Fathers Day SVG Card Graphics	https://drive.google.com/thumbnail?id=1cyisl6PyAgeAuwK91vZbeFz3JVvWqhUf&sz=w1000
Mom Mum Dad SVG Cut Out Card Graphics	https://drive.google.com/thumbnail?id=1_9pNGg_tM-k_TtKgSIbuHU_92ZdF3AXi&sz=w1000
Mother Day Love Laser Cut Design Graphics	https://drive.google.com/thumbnail?id=1XUsYY7WE9yIIEJphweA6TPO-SbXglIlB&sz=w1000
Multilayer Cut File Mandala Graphics	https://drive.google.com/thumbnail?id=1J49AGqfDREgi9vdI7vaGc24cGO9w52OX&sz=w1000
3D Birthday SVG DXF Cake Topper SVG Graphics	https://drive.google.com/thumbnail?id=15rEErs8ZB9hz493u5ICNd3NBCyVer5g9&sz=w1000
Multilayer Cut File Mothers Day Graphics	https://drive.google.com/thumbnail?id=1KnZk2uCSbvSLSSZDJGMotEqv6C1b93Hy&sz=w1000
3D Chess SVG DXF Multilayer File Laser Graphics	https://drive.google.com/thumbnail?id=1oNtJx3G3sfoFdfQngXWqA5HLr3xS9hWn&sz=w1000
3D Christmas SVG DXF 4 Layer Bell SVG Graphics	https://drive.google.com/thumbnail?id=1ODaNPZYZz2GdzH-ckvfZ_FsQXLDKul8r&sz=w1000
3D Christmas SVG DXF 4 Layer Sleigh SVG Graphics	https://drive.google.com/thumbnail?id=1mqtqnIBGUrBiwgyXlz27jRwS1wdO5e6s&sz=w1000
Multilayer Laser Cut File Kitty Graphics	https://drive.google.com/thumbnail?id=168Ws-4sxm094rLQ6f1XWMq-PsqwDl_I6&sz=w1000
3D Easter Egg Holder Laser Cut Bundle Graphics	https://drive.google.com/thumbnail?id=1z0mfAx_PYud8ww_-OAoCYIaDsrjv60YL&sz=w1000
Multilayer Laser Cut File Women DXF Graphics	https://drive.google.com/thumbnail?id=1B2w8axi6FyUE7A-kgJyjiAbav1uw6Fdz&sz=w1000
3D Easter Layered Decor Laser Cut Graphics	https://drive.google.com/thumbnail?id=13S5Z7tstorSTbHJUZppJuEwozywfpLCn&sz=w1000
Multilayer Panel CNC Laser Cutting DXF File Free	https://drive.google.com/thumbnail?id=1blXqEXsqQrW7uPR8Oxwz2bzVU0tIbL2r&sz=w1000
3D Floral Wreath SVG DXF 6 Layers SVG Graphics	https://drive.google.com/thumbnail?id=1TDFNTWYmF6iltMM1_zyi1RXxmJkx6QTQ&sz=w1000
Mum Dad Photo Frame Gifts Mothers Day Graphics	https://drive.google.com/thumbnail?id=10WcDq7eBFPpxtFYGUm7wPUQFj1C3vdsD&sz=w1000
3D Flower Acrylic Wall Decor Laser Cutting Free	https://drive.google.com/thumbnail?id=1bNzPAQPPfdzPY88kAb3u3LgLsNw2HsoM&sz=w1000
Mystical Decor Laser Cut SVG Mega Bundle Graphics	https://drive.google.com/thumbnail?id=1BmSYOMQPAI9rCo-sbwArTdzoSJpq8j5J&sz=w1000
Mystical Moon Laser Cut Wall Decor Graphics	https://drive.google.com/thumbnail?id=1Ca42w-4wrwmeH2UktHW4vt_79mYDq4s0&sz=w1000
3D Halloween Bat SVG DXF Bundle Graphics	https://drive.google.com/thumbnail?id=1exrRNFgkuwhDLDsXg_qrb_NVRi3BPwmR&sz=w1000
NEW YORK City Multilayer Laser Cut Files Graphics	https://drive.google.com/thumbnail?id=1UhIX_op5HhFop7R4UHAWMfKZof2vZV_R&sz=w1000
3D Halloween Cat SVG DXF Graphics	https://drive.google.com/thumbnail?id=19xWECSm65MBVQl9mWbe9m_pbQu-zQn9t&sz=w1000
Octopus SVG Paper Cut Laser Cutting Graphics	https://drive.google.com/thumbnail?id=1L0S-aX3iaVTJEdzus4RwcqwRzVq9ISpD&sz=w1000
3D Halloween Witch SVG DXF 8 Layer Graphics	https://drive.google.com/thumbnail?id=1MhEj5aFJ4EFD_48MIqxGrxuEtPtFlFkc&sz=w1000
3D Skeleton Halloween Pumpkin SVG DXF Graphics	https://drive.google.com/thumbnail?id=1G1DUPmxKHlMY6zgUJZ5OV4YsBs8UrQbb&sz=w1000
Owl SVG Paper Cut Laser Cutting Graphics	https://drive.google.com/thumbnail?id=1GvGIMDJieShVnB9zVLWJw0pdx9yacHEN&sz=w1000
3D Unicorn Multilayer SVG Laser Cut File Graphics	https://drive.google.com/thumbnail?id=1vW059nHcA89pfwgNoHWtPfIf8ZlntS59&sz=w1000
6 Set Bundle Butterfly Flower Wall SVG Graphics	https://drive.google.com/thumbnail?id=1DauhH2r0L0sqHYSEYBIX0a0vinHJYn6w&sz=w1000
Animals Bundle Set of 8 Graphics	https://drive.google.com/thumbnail?id=1LB6OGzuuFQ0QTSzd3zYUMxBRexinMEtu&sz=w1000
Baby Laser Cut Template Layered SVG Graphics	https://drive.google.com/thumbnail?id=1OfQHpB-9RDfSP43W3CjU8wZWhgxuxzdC&sz=w1000
Bear Mountain Scene Silhouette SVG DXF Graphics	https://drive.google.com/thumbnail?id=1GonAmNMmJpBViY_B2wezqyRUDkylTx8r&sz=w1000
Bear Silhouette SVG EPS DXF Vector Graphics	https://drive.google.com/thumbnail?id=10GomqR2bUdlXC6Ro72ZLUTtHYvxJJg7a&sz=w1000
Bison Buffalo Multilayer Laser Cut File Graphics	https://drive.google.com/thumbnail?id=1X7BXpZ-n8q1pYwlpMxkgGH2Wpb9w7FK_&sz=w1000
Bloom Spring Window 3D Paper Cut SVG Graphics	https://drive.google.com/thumbnail?id=1huircveMVMHbojYbA8BbiQD3yfISGzmK&sz=w1000
Romantic Couple Laser Cut Love Sign SVG Graphics	https://drive.google.com/thumbnail?id=1-WC_qXDlv29fTxLFxs0UFIS1reEt-V9u&sz=w1000
Butterfly Shadow Box Laser Cut Wall Deco Graphics	https://drive.google.com/thumbnail?id=1Aj3m_fPTfUxqiCnKPAeuFZsfCK1zplsO&sz=w1000
Romantic Love Laser Cut Design Graphics	https://drive.google.com/thumbnail?id=13QcYfeYYpFMOMDRC3fzukN7VwKVBptHu&sz=w1000
Cat Dog Papercut Christmas Popup Card Graphics	https://drive.google.com/thumbnail?id=1hX2JOE9EmDrvsu-kaf3d5gPdFOqyfxsx&sz=w1000
Save Ukraine Bundle of 9 Laser Cut Files Graphics	https://drive.google.com/thumbnail?id=1KZazALjwWtfN-uq7C6vkM5-nExGPDdjO&sz=w1000
Saxophone Multilayer Cut Template Graphics	https://drive.google.com/thumbnail?id=1cUIS2oRTVYdSpOzMxGd4MxlIQEdA1JYA&sz=w1000
CHINESE DRAGON Multilayer Laser Cut File Graphics	https://drive.google.com/thumbnail?id=1zoCh9kVg00iqZstekukgTyIemc3NkqKU&sz=w1000
Christmas Angels Laser Cut SVG Bundle Graphics	https://drive.google.com/thumbnail?id=1qOdG3bf6HwaEs8qo6_GWdu5Ax1JfHRIv&sz=w1000
Set Of 4 Plant Laser Cut Bundle Graphics	https://drive.google.com/thumbnail?id=1b1AZtYtll7y2HpguHbNhmLdKvBtVPhYp&sz=w1000
Snowglobe Christmas Laser Cut Graphics	https://drive.google.com/thumbnail?id=1wdYyQX5lKov5BrWSx2U36yFCqI1HbCNB&sz=w1000
Snowglobe Christmas Ornament Laser Cut Graphics	https://drive.google.com/thumbnail?id=1QB1xjtenfHmUt-6_njdCEzjJA-HNnZx0&sz=w1000
Stacking Bible Laser Cut File Big Bundle Graphics	https://drive.google.com/thumbnail?id=1WraAWEYrVlUdyK7x5oKggaoVySxVm_kr&sz=w1000
Stained Glass Animals Bundles Of Files Graphics	https://drive.google.com/thumbnail?id=1e6D4oo3Zqk59h6bZY09xbjQZdxV-vcM_&sz=w1000
Surfboard Wooden Wall Art Decoration Graphics	https://drive.google.com/thumbnail?id=1Tks9tU2m9Nn-oPeJWRHvl5X-yo5esrpU&sz=w1000
Thanksgiving Day Multilayer Cut Template Graphics	https://drive.google.com/thumbnail?id=1rtnMm8wNAWxYLEeMBHHwuO-obO9rmpC-&sz=w1000
Tower Eiffel Paris 3D Graphics	https://drive.google.com/thumbnail?id=1N-OOhqVxYV6L8aNCllWYBpYRpfb_jcQ0&sz=w1000
Travel Wildlife Stencils SVG Graphics	https://drive.google.com/thumbnail?id=1mtPNFQFElzT8ZwnAa0hjR3kvTfPasMin&sz=w1000
Tree Wall Interior Decor Graphics	https://drive.google.com/thumbnail?id=1ZdvyPWNqsZKUkX1CRGLBRhgXSWi4a-jN&sz=w1000
Turkey Thanksgiving Day Cut Files Graphics	https://drive.google.com/thumbnail?id=1T8KVta25Tf8G7V7Bq1xQUEU_ux9Nzhf1&sz=w1000
Undersea Wall Art Panel CNC Cut Files Graphics	https://drive.google.com/thumbnail?id=1Wh_uT77Btg1RAnTWesUc9HMFgyeZipOG&sz=w1000
Underwater World Wall Panel Laser Cut Graphics	https://drive.google.com/thumbnail?id=1BGUAq1uw7eabSrc8RTLXWkJ5yrobnov9&sz=w1000
Valentine Photo Frame Laser Cut Bundle Graphics	https://drive.google.com/thumbnail?id=1CQp-SPIq6Co40djrB-T3RobgL-rwPmvu&sz=w1000
Wall Art Guitar Layers Graphics	https://drive.google.com/thumbnail?id=1KbjJBSjCHk9e9hpxLU6UxdfTIUBj0q7Y&sz=w1000
Wall Panel Laser Cut SVG Bundle Graphics	https://drive.google.com/thumbnail?id=1iX3OHIXhc3P6LAyAvn1Lpq6iCoExZFhz&sz=w1000
Wall Tree Art Forest SVG Wall Panel Graphics	https://drive.google.com/thumbnail?id=163GpmHaGA2ct546SdF4RoCkXSrl8h3kL&sz=w1000
Wooden Mandala Wall Hanging CNC File Free	https://drive.google.com/thumbnail?id=1VKywv2QbDnxG36hlPKC4HF8dCN0OYuUh&sz=w1000
Yin Yang Guitar 3D Shadow Box Paper Cut Graphics	https://drive.google.com/thumbnail?id=1e0Hk1BvQm9Jqnz-DUmUU4Or3faSWlY7K&sz=w1000
Yoga Multilayer Cut File Mandala Graphics	https://drive.google.com/thumbnail?id=1k6pZ6pmq6gMGcWF7_zz4FSlTA1Mgotqr&sz=w1000
Lion Silhouette SVG EPS DXF Vector Graphics	https://drive.google.com/thumbnail?id=1CFyjd5kW8iAQz3ZbTgyEWnxENex09n4J&sz=w1000
Lion SVG EPS DXF PNG JPG Silhouette Graphics	https://drive.google.com/thumbnail?id=18NCphPFrUprdUI7qS4Ljd3BDAAi8avOZ&sz=w1000
Lion Wildlife Stencils SVG Graphics	https://drive.google.com/thumbnail?id=1hQWVUI2wzBkFRSqrMmljhUXMS2waVwZk&sz=w1000
London Tower Bridge SVG PNG JPG Cut File Graphics	https://drive.google.com/thumbnail?id=1ODUnpYIkaCAglFblM6VeBLoZfr-EU99F&sz=w1000
Lotus Multilayer Laser Cut Files Graphics	https://drive.google.com/thumbnail?id=1m98zN8YuHXZbIFYupk2xWiV9xbQtKaW8&sz=w1000
Lotus Multilayer Laser Cut SVG Files Graphics	https://drive.google.com/thumbnail?id=1dkXzrJaSL6EnDUNBXspMz9SEKbhy8yWn&sz=w1000
Mandala Buddha Lotus Yogi Graphics	https://drive.google.com/thumbnail?id=1ebrZw-mD6SD-1esr_fmeui2UQSjshst4&sz=w1000
Mandala Buddha Multilayer Wall Art Graphics	https://drive.google.com/thumbnail?id=1vWSPnfEAPcmf4HjAlGoOi8ztD2x7qZuW&sz=w1000
Mandala DXF for Laser Cut SVG Graphics	https://drive.google.com/thumbnail?id=1-o1aGc5OL7bEgrWeyL2Jo9opFaMO9ygK&sz=w1000
Mandala Feather Laser Cut Decoration Graphics	https://drive.google.com/thumbnail?id=1vRJ4d32P6l7dx9lgkmLoZuvA8n25K3Ii&sz=w1000
Mom Baby Laser Cut Files Mothers Day Graphics	https://drive.google.com/thumbnail?id=1nVmPGtdIZ36AU0a8tCB9-hI4KryiXGdf&sz=w1000
Mom Mum Dad Mothers Fathers Day SVG Card Graphics	https://drive.google.com/thumbnail?id=158QGzflKX-vfKnylsRAKkV4VtcSniTPy&sz=w1000
Mother Day Love Laser Cut Design Graphics	https://drive.google.com/thumbnail?id=1FhwHezQ6pkGj8NOM5es-Rx8iKgD0cy-2&sz=w1000
3D Birthday SVG DXF Cake Topper SVG Graphics	https://drive.google.com/thumbnail?id=1yanI1Ieakl3TD3sxCv9QR2pbSjHFnElx&sz=w1000
3D Christmas SVG DXF 4 Layer Graphics	https://drive.google.com/thumbnail?id=1zm9pMaFCGMJulf8CNEwuck6k7cQK5obo&sz=w1000
3D Easter Egg Holder Laser Cut Bundle Graphics	https://drive.google.com/thumbnail?id=1hq97vwWaOiR0WZLlMRri_UCiwe4HwcWc&sz=w1000
Bear Mountain Scene Silhouette SVG DXF Graphics	https://drive.google.com/thumbnail?id=1X6Jr6I-eLQckPTHAT_bZP1gqVl8j5TjN&sz=w1000
Bear Silhouette SVG EPS DXF Vector Graphics	https://drive.google.com/thumbnail?id=18KFdGT8G5B8uk0xEk8IpIotcQ8lnoLq7&sz=w1000
Bear Mountain Scene Silhouette SVG DXF Graphics	https://drive.google.com/thumbnail?id=1YoEITMRRcKElx6YSfbfHbzYFqpmkZgFw&sz=w1000
Bear Silhouette SVG EPS DXF Vector Graphics	https://drive.google.com/thumbnail?id=12_TQt2_Kgd0W9_mZvIpeZtznSozWdAGr&sz=w1000
Bison Buffalo Multilayer Laser Cut File Graphics	https://drive.google.com/thumbnail?id=1aUcb0pYozm-lf7-BOlHB1arjk-UEpmrW&sz=w1000
Bloom Spring Window 3D Paper Cut SVG Graphics	https://drive.google.com/thumbnail?id=1qDAOrqHi41M9gZ_Y1rE0KCW1ecNXW1E7&sz=w1000
Romantic Couple Laser Cut Love Sign SVG Graphics	https://drive.google.com/thumbnail?id=1SkkC9qQK3wAtO16J22zkwc1otLh4as6y&sz=w1000
Butterfly Shadow Box Laser Cut Wall Deco Graphics	https://drive.google.com/thumbnail?id=1lLXykBz0SRWAvA-GsZ-3veKkRGVNCYgl&sz=w1000
Romantic Love Laser Cut Design Graphics	https://drive.google.com/thumbnail?id=1TIbUDuALyVi9gt65J-C5Stlvr4jPVVsy&sz=w1000
Cat Dog Papercut Christmas Popup Card Graphics	https://drive.google.com/thumbnail?id=1XyNAfGrFvuJ9T838GTkVkkZBeZ_nOL9O&sz=w1000
Save Ukraine Bundle of 9 Laser Cut Files Graphics	https://drive.google.com/thumbnail?id=1kLhSXudkau5WetVSq4pnOayDSvDsVuU-&sz=w1000
Saxophone Multilayer Cut Template Graphics	https://drive.google.com/thumbnail?id=1yJ6YJ68b16hPIt15rZJMCtFQ9yApKztB&sz=w1000
CHINESE DRAGON Multilayer Laser Cut File Graphics	https://drive.google.com/thumbnail?id=1W6fxR7YvfqwQ7z1pemm19CQk9Pq-nHTi&sz=w1000
Christmas Angels Laser Cut SVG Bundle Graphics	https://drive.google.com/thumbnail?id=1ZpN6uhkxe0LkQfFK3rweGUxHjsK9d73J&sz=w1000
Set Of 4 Plant Laser Cut Bundle Graphics	https://drive.google.com/thumbnail?id=13t4burGLBuYuTTFzO4d20IwmpfkqrxjU&sz=w1000
Snowglobe Christmas Laser Cut Graphics	https://drive.google.com/thumbnail?id=10xpqDV3lNdggEmDSYCA4yVvWHWE--FsY&sz=w1000
Snowglobe Christmas Ornament Laser Cut Graphics	https://drive.google.com/thumbnail?id=1qrBPBb00jyshpbBVeSVLMb71apkBvYPT&sz=w1000
Stacking Bible Laser Cut File Big Bundle Graphics	https://drive.google.com/thumbnail?id=1rKrmm2NAODSNU-s7W1bjZL1rNElcugOC&sz=w1000
Stained Glass Animals Bundles Of Files Graphics	https://drive.google.com/thumbnail?id=1PXPFg5vMh2L5nslP6W1vXbXxaSU7LNBX&sz=w1000
Surfboard Wooden Wall Art Decoration Graphics	https://drive.google.com/thumbnail?id=1O-1xcom_l6qyG3Gj2_hHQ6_iKzSc6uJj&sz=w1000
Thanksgiving Day Multilayer Cut Template Graphics	https://drive.google.com/thumbnail?id=157rvD1ZEs2nr9q3wYqYoIpDHyeNfxNue&sz=w1000
Tower Eiffel Paris 3D Graphics	https://drive.google.com/thumbnail?id=12stZO0Is_afmWTitGBraPGhViG8OouE4&sz=w1000
Travel Wildlife Stencils SVG Graphics	https://drive.google.com/thumbnail?id=1dGsR_FvIxqOWaHZoNOAV3wNAzlDV8v8d&sz=w1000
Tree Wall Interior Decor Graphics	https://drive.google.com/thumbnail?id=1llDozBDF-4_EXx4LIFtL3okw0MviIWTc&sz=w1000
Turkey Thanksgiving Day Cut Files Graphics	https://drive.google.com/thumbnail?id=1zYcgTL9V-9E-1yZ2nGN7b20GcobdzZs3&sz=w1000
Undersea Wall Art Panel CNC Cut Files Graphics	https://drive.google.com/thumbnail?id=19qVwHReUT7_Db8-Wj6xGYK3X0EI4lUXm&sz=w1000
Underwater World Wall Panel Laser Cut Graphics	https://drive.google.com/thumbnail?id=1YrZ3pCK3GTDShkZSOGtrX23rKEzUnaMq&sz=w1000
Valentine Photo Frame Laser Cut Bundle Graphics	https://drive.google.com/thumbnail?id=1Xh9k8fddNKMCEqPNBpoznawE2BpJSI1R&sz=w1000
Wall Art Guitar Layers Graphics	https://drive.google.com/thumbnail?id=17OMSlx_ncbI5usSsl1xYcdX8p49QzcWa&sz=w1000
Wall Panel Laser Cut SVG Bundle Graphics	https://drive.google.com/thumbnail?id=1WpkNm7I2w8PpWD200etjy8M5s1lymcV2&sz=w1000
Wall Tree Art Forest SVG Wall Panel Graphics	https://drive.google.com/thumbnail?id=1D8xIK-WKYkGZuKM0znh2Gtbjka2KUvGM&sz=w1000
Wooden Mandala Wall Hanging CNC File Free	https://drive.google.com/thumbnail?id=1LbC-27rwUEKg_Hxt315FIeflstaKRCo6&sz=w1000
Yin Yang Guitar 3D Shadow Box Paper Cut Graphics	https://drive.google.com/thumbnail?id=1KBpyZ0vr0zCPsYpcqphX0JYVofK_em99&sz=w1000
Yoga Multilayer Cut File Mandala Graphics	https://drive.google.com/thumbnail?id=10mY3cnUYGlHXFcla3BVOchpz_UmJXCfy&sz=w1000
Lion Silhouette SVG EPS DXF Vector Graphics	https://drive.google.com/thumbnail?id=1mpvJKEQt4mISlFA23fGwwlbvxAR0IoMH&sz=w1000
Lion SVG EPS DXF PNG JPG Silhouette Graphics	https://drive.google.com/thumbnail?id=1IuGvblBQClYNc_Og6lWtGiH27OXRaIep&sz=w1000
Lion Wildlife Stencils SVG Graphics	https://drive.google.com/thumbnail?id=19c8X8V-kIuSOG_io82p55wn3XbW36v8T&sz=w1000
London Tower Bridge SVG PNG JPG Cut File Graphics	https://drive.google.com/thumbnail?id=1teNY4m30HO1VygJimq_WJOMvZVWWDpA4&sz=w1000
Lotus Multilayer Laser Cut Files Graphics	https://drive.google.com/thumbnail?id=1k1luB1Xtka1_xnl_MyrURkGQczz9PEJb&sz=w1000
